year,total_revenue,total_expenses,profit,classic_bikes,electric_bikes,profit_per_bike
2020,11995959.0,10267200,1728759.0,9000,1000,172.8759
2021,20482913.0,12112500,8370413.0,10000,2000,697.5344166666666
2022,20706337.0,16599000,4107337.0,11000,4000,273.8224666666667
2023,18746531.0,17221500,1525031.0,12000,5000,89.70770588235294
2024,22328563.0,20037600,2290963.0,13000,6000,120.577
2025,11139501.71875,15578700,-4439198.28125,14000,7000,-211.3903943452381
