station_name,lat,lng
10101 S Stony Island Ave,41.709999084472656,-87.58000183105469
111th St - Morgan Park Metra,41.689998626708984,-87.66999816894531
2112 W Peterson Ave,41.99117660522461,-87.68359375
21st St & Pulaski Rd,41.85343933105469,-87.7248764038086
351,41.93000030517578,-87.77999877929688
410,41.900001525878906,-87.69000244140625
532 E 43rd St,41.81999969482422,-87.61000061035156
63rd & Western Ave - north corner,41.779998779296875,-87.68000030517578
63rd & Western Ave - south corner,41.779998779296875,-87.68000030517578
63rd St Beach,41.78091049194336,-87.57632446289062
900 W Harrison St,41.874755859375,-87.64981079101562
Abbott Park,41.720001220703125,-87.62000274658203
Aberdeen St & 103rd St,41.70703887939453,-87.65022277832031
Aberdeen St & Jackson Blvd,41.87772750854492,-87.65478515625
Aberdeen St & Monroe St,41.88042068481445,-87.655517578125
Aberdeen St & Randolph St,41.88411331176758,-87.65426635742188
Ada St & 113th Place,41.687591552734375,-87.65541076660156
Ada St & 113th St,41.68756103515625,-87.65547943115234
Ada St & 117th St,41.68000030517578,-87.66000366210938
Ada St & 79th St,41.75,-87.66000366210938
Ada St & 95th St,41.720001220703125,-87.66000366210938
Ada St & Washington Blvd,41.88283157348633,-87.66120910644531
Adler Planetarium,41.86609649658203,-87.60726928710938
Al Raby School,41.88999938964844,-87.72000122070312
Albany Ave & 103rd St,41.709999084472656,-87.69999694824219
Albany Ave & 111th St - NW,41.689998626708984,-87.69999694824219
Albany Ave & 16th St,41.86000061035156,-87.69999694824219
Albany Ave & 26th St,41.84447479248047,-87.70201110839844
Albany Ave & 63rd St,41.779998779296875,-87.69999694824219
Albany Ave & Belmont Ave,41.939998626708984,-87.70999908447266
Albany Ave & Bloomingdale Ave,41.91402816772461,-87.70512390136719
Albany Ave & Douglas Blvd,41.863162994384766,-87.70307922363281
Albany Ave & Montrose Ave,41.96104049682617,-87.70586395263672
Altgeld Gardens,41.65666580200195,-87.59880065917969
Archer (Damen) Ave & 37th St,41.82671356201172,-87.68314361572266
Archer Ave & 43rd St,41.81999969482422,-87.69999694824219
Archer Ave & 49th St,41.80419921875,-87.72081756591797
Archer Ave & Homan Ave,41.81153106689453,-87.70884704589844
Archer Park,41.79999923706055,-87.73999786376953
Artesian Ave & 55th St,41.79402160644531,-87.6857681274414
Artesian Ave & 71st St,41.76434326171875,-87.68441772460938
Artesian Ave & Hubbard St,41.88949966430664,-87.6882553100586
Artesian Ave & Marquette Rd,41.772029876708984,-87.68463897705078
Ashland Ave & 13th St,41.865234375,-87.66650390625
Ashland Ave & 45th St,41.810001373291016,-87.66999816894531
Ashland Ave & 45th St - midblock south,41.810001373291016,-87.66000366210938
Ashland Ave & 46th St,41.810001373291016,-87.66999816894531
Ashland Ave & 50th St,41.80302429199219,-87.6646957397461
Ashland Ave & 63rd St,41.77937316894531,-87.66484069824219
Ashland Ave & 66th St,41.77407455444336,-87.663818359375
Ashland Ave & 69th St,41.76872634887695,-87.66407012939453
Ashland Ave & 71st St,41.77000045776367,-87.66000366210938
Ashland Ave & 73rd St,41.761226654052734,-87.66336059570312
Ashland Ave & 74th St,41.75923538208008,-87.6634750366211
Ashland Ave & 78th St,41.75220489501953,-87.6636962890625
Ashland Ave & Archer Ave,41.839210510253906,-87.66561126708984
Ashland Ave & Augusta Blvd,41.89964294433594,-87.6677017211914
Ashland Ave & Belle Plaine Ave,41.956058502197266,-87.66883850097656
Ashland Ave & Blackhawk St,41.907066345214844,-87.66725158691406
Ashland Ave & Chicago Ave,41.895965576171875,-87.6677474975586
Ashland Ave & Division St,41.90345001220703,-87.6677474975586
Ashland Ave & Garfield Blvd,41.792823791503906,-87.6644287109375
Ashland Ave & Grace St,41.950687408447266,-87.668701171875
Ashland Ave & Grand Ave,41.89107131958008,-87.66661071777344
Ashland Ave & Lake St,41.885921478271484,-87.66716766357422
Ashland Ave & McDowell Ave,41.808868408203125,-87.66454315185547
Ashland Ave & Pershing Rd,41.823463439941406,-87.66558074951172
Ashland Ave & Wellington Ave,41.93608474731445,-87.66980743408203
Ashland Ave & Wrightwood Ave,41.928829193115234,-87.66851043701172
Augusta Blvd & Laramie Ave,41.900001525878906,-87.76000213623047
Austin Ave & Roscoe St,41.939998626708984,-87.77999877929688
Austin Ave & Wellington Ave - midblock,41.93000030517578,-87.77999877929688
Austin Ave & Wrightwood Ave,41.93000030517578,-87.77999877929688
Austin Blvd & Chicago Ave,41.8948860168457,-87.77470397949219
Austin Blvd & Lake St,41.887943267822266,-87.77427673339844
Austin Blvd & Madison St,41.880279541015625,-87.77445220947266
Austin Blvd & North Ave,41.90999984741211,-87.77999877929688
Austin Branch Chicago Public Library,41.88999938964844,-87.7699966430664
Avenue J & 106th St,41.70000076293945,-87.52999877929688
Avenue J & 112th St,41.689998626708984,-87.52999877929688
Avenue L & 114th St,41.689998626708984,-87.54000091552734
Avenue M & 132nd St,41.65999984741211,-87.54000091552734
Avenue O & 118th St,41.680999755859375,-87.53793334960938
Avenue O & 134th St,41.6518669128418,-87.5396728515625
Avers Ave & 16th St,41.85908889770508,-87.72120666503906
Avers Ave & Archer Ave,41.79999923706055,-87.72000122070312
Avers Ave & Belmont Ave,41.93940734863281,-87.72357177734375
Avers Ave & Irving Park Rd,41.95000076293945,-87.72000122070312
Avers Ave & Ogden Ave,41.849998474121094,-87.72000122070312
Avondale Ave & Addison St,41.95000076293945,-87.72000122070312
Avondale Ave & Irving Park Rd,41.953392028808594,-87.73200225830078
Back of the Yards Park,41.79999923706055,-87.66000366210938
Baltimore Ave & 133rd St,41.65348815917969,-87.54702758789062
Baltimore Ave & 87th St,41.737335205078125,-87.54851531982422
Base - 2132 W Hubbard,41.889957427978516,-87.6801528930664
Base - 2132 W Hubbard Warehouse,41.88995361328125,-87.68064880371094
Bell Ave & 95th St,41.720001220703125,-87.68000030517578
Bennett Ave & 79th St,41.75178527832031,-87.57849884033203
Bennett Ave & 96th St,41.720001220703125,-87.58000183105469
Bensley Ave & 103rd St,41.709999084472656,-87.55999755859375
Benson Ave & Church St,42.048213958740234,-87.68348693847656
Bernard St & Elston Ave,41.94992446899414,-87.71395111083984
Bernard St & Peterson Ave,41.990440368652344,-87.7152328491211
Big Marsh Park,41.68587875366211,-87.57382202148438
Bishop St & 46th St,41.810001373291016,-87.66000366210938
Bissell St & Armitage Ave,41.91844177246094,-87.6522216796875
Bissell St & Armitage Ave - Charging,41.91801834106445,-87.65218353271484
Bissell St & Armitage Ave*,41.918296813964844,-87.65218353271484
Blackstone Ave & 59th St,41.78787612915039,-87.59046173095703
Blackstone Ave & Hyde Park Blvd,41.80256271362305,-87.59037017822266
Bloomingdale Ave & Harlem Ave,41.90999984741211,-87.80999755859375
Blue Island Ave & 18th St,41.8575553894043,-87.66153717041016
Bosworth Ave & Howard St,42.01953887939453,-87.66956329345703
Bradley Park,41.71787643432617,-87.56459045410156
Brandon Ave & 91st St,41.72999954223633,-87.55000305175781
Brighton Park Branch Chicago Library,41.81999969482422,-87.69999694824219
Broadway & Argyle St,41.97381591796875,-87.65966033935547
Broadway & Barry Ave,41.937583923339844,-87.64409637451172
Broadway & Belmont Ave,41.94010543823242,-87.64545440673828
Broadway & Berwyn Ave,41.97835159301758,-87.65975189208984
Broadway & Cornelia Ave,41.94552993774414,-87.64643859863281
Broadway & Granville Ave,41.994781494140625,-87.66028594970703
Broadway & Ridge Ave,41.98404312133789,-87.66027069091797
Broadway & Sheridan Rd,41.95283126831055,-87.64999389648438
Broadway & Thorndale Ave,41.989742279052734,-87.66014099121094
Broadway & Waveland Ave,41.949073791503906,-87.64863586425781
Broadway & Wilson - Truman College Vaccination Site,41.9652214050293,-87.65814208984375
Broadway & Wilson Ave,41.9652214050293,-87.65814208984375
Buckingham - Fountain,41.87666320800781,-87.6204833984375
Buckingham Fountain,41.87651062011719,-87.62054443359375
Buckingham Fountain (Columbus/Balbo),41.87074661254883,-87.6240005493164
Buckingham Fountain (Temp),41.8682861328125,-87.62398529052734
Budlong Woods Library,41.983665466308594,-87.69641876220703
Buffalo Ave & 133rd St,41.650001525878906,-87.54000091552734
Buffalo Ave & 89th St,41.72999954223633,-87.54000091552734
Burley Ave & 85th St,41.74116897583008,-87.54518127441406
Burley Ave & 91st St,41.73054122924805,-87.54557800292969
Burling St & Diversey Pkwy,41.93313980102539,-87.64775848388672
Burling St (Halsted) & Diversey Pkwy (Temp),41.93313980102539,-87.64775848388672
Burnham Greenway & 105th St,41.70457458496094,-87.52822875976562
Burnham Greenway & 112th St,41.6917724609375,-87.53043365478516
Burnham Harbor,41.85626983642578,-87.6137924194336
California & 16th St,41.86000061035156,-87.69999694824219
California Ave & 21st St,41.85380554199219,-87.69573974609375
California Ave & 23rd Pl,41.8491096496582,-87.69513702392578
California Ave & 26th St,41.84368133544922,-87.6949691772461
California Ave & 29th St,41.8402214050293,-87.69412994384766
California Ave & 36th St,41.83000183105469,-87.69000244140625
California Ave & 41st St,41.818668365478516,-87.69441223144531
California Ave & 71st St,41.764747619628906,-87.69312286376953
California Ave & Altgeld St,41.92668914794922,-87.69766998291016
California Ave & Byron St,41.95216369628906,-87.69805145263672
California Ave & Cortez St,41.90036392211914,-87.69670104980469
California Ave & Devon Ave - NE,42.0,-87.69999694824219
California Ave & Devon Ave - NW,42.0,-87.69999694824219
California Ave & Division St,41.90303039550781,-87.69747161865234
California Ave & Fletcher St,41.93842697143555,-87.69800567626953
California Ave & Francis Pl,41.91849136352539,-87.69742584228516
California Ave & Francis Pl (Temp),41.91849136352539,-87.69742584228516
California Ave & Granville Ave,41.99402618408203,-87.69930267333984
California Ave & Lake St,41.88445281982422,-87.69629669189453
California Ave & Madison St,41.8809814453125,-87.69597625732422
California Ave & Marquette Rd,41.771610260009766,-87.69332885742188
California Ave & Milwaukee Ave,41.92269515991211,-87.69715118408203
California Ave & Montrose Ave,41.96106719970703,-87.69544219970703
California Ave & North Ave,41.910438537597656,-87.69719696044922
California Ave & Ogden Ave,41.86000061035156,-87.69999694824219
California Ave & Pershing Rd,41.81999969482422,-87.69000244140625
California Ave & Touhy Ave,42.01203536987305,-87.700439453125
California Ave & Touhy Ave - NW,42.0099983215332,-87.69999694824219
California Ave & Winona St,41.970001220703125,-87.69999694824219
Calumet Ave & 103rd St,41.709999084472656,-87.62000274658203
Calumet Ave & 18th St,41.85761260986328,-87.6194076538086
Calumet Ave & 21st St,41.854183197021484,-87.61915588378906
Calumet Ave & 33rd St,41.83489990234375,-87.61792755126953
Calumet Ave & 35th St,41.83137893676758,-87.61803436279297
Calumet Ave & 51st St,41.80229568481445,-87.61805725097656
Calumet Ave & 71st St,41.765506744384766,-87.6169204711914
Calumet Ave & Garfield Blvd,41.790000915527344,-87.62000274658203
Calumet Park,41.71371078491211,-87.53084564208984
Campbell Ave & 51st St,41.79999923706055,-87.69000244140625
Campbell Ave & Augusta Blvd,41.89957809448242,-87.68949890136719
Campbell Ave & Fullerton Ave,41.92463302612305,-87.6893081665039
Campbell Ave & Irving Park Rd,41.95000076293945,-87.69000244140625
Campbell Ave & Montrose Ave,41.961524963378906,-87.691162109375
Campbell Ave & Montrose Ave (Temp),41.961483001708984,-87.69232177734375
Campbell Ave & North Ave,41.9105339050293,-87.6895523071289
Canal St & Adams St,41.87925338745117,-87.63990020751953
Canal St & Harrison St,41.8742561340332,-87.63957214355469
Canal St & Jackson Blvd,41.87724685668945,-87.63936614990234
Canal St & Madison St,41.882408142089844,-87.6397705078125
Canal St & Monroe St,41.881690979003906,-87.6395263671875
Canal St & Taylor St,41.87025833129883,-87.63947296142578
Cannon Dr & Fullerton Ave,41.9267578125,-87.63442993164062
Carpenter St & 63rd St,41.779869079589844,-87.65091705322266
Carpenter St & Huron St,41.894554138183594,-87.65345001220703
Central Ave & Altgeld St,41.925811767578125,-87.76636505126953
Central Ave & Chicago Ave,41.89495849609375,-87.76490020751953
Central Ave & Corcoran Pl,41.88999938964844,-87.7699966430664
Central Ave & George St,41.93000030517578,-87.7699966430664
Central Ave & Harrison St,41.87299346923828,-87.76449584960938
Central Ave & Lake St,41.887664794921875,-87.76547241210938
Central Ave & Madison St,41.88011932373047,-87.76323699951172
Central Ave & North Ave,41.90999984741211,-87.7699966430664
Central Ave & Parker Ave,41.93000030517578,-87.7699966430664
Central Ave & Roscoe St,41.939998626708984,-87.7699966430664
Central Ave & Wellington Ave,41.93488311767578,-87.76675415039062
Central Park & Augusta Blvd,41.900001525878906,-87.72000122070312
Central Park Ave & 24th St,41.84809875488281,-87.7150650024414
Central Park Ave & 66th St,41.773258209228516,-87.71314239501953
Central Park Ave & Ardmore Ave,41.98660659790039,-87.71876525878906
Central Park Ave & Bloomingdale Ave,41.91416549682617,-87.71675872802734
Central Park Ave & Douglas Blvd,41.86000061035156,-87.72000122070312
Central Park Ave & Elbridge Ave,41.93533706665039,-87.71688842773438
Central Park Ave & North Ave,41.9096565246582,-87.71662902832031
Central Park Ave & Ogden Ave,41.85406494140625,-87.71511840820312
Central Park Ave & Ohio St,41.88999938964844,-87.72000122070312
Central Park Ave & Washington Blvd,41.882747650146484,-87.71540069580078
Central Park Blvd & 5th Ave,41.87567901611328,-87.71546936035156
Central St & Girard Ave,42.06431198120117,-87.68614959716797
Central St Metra,42.0635986328125,-87.69873046875
Chappel Ave & 71st St,41.77000045776367,-87.58000183105469
Chase Ave & Touhy Ave - NE,42.0099983215332,-87.69000244140625
Chase Ave & Touhy Ave - NW,42.0099983215332,-87.69000244140625
Cherry Ave & Blackhawk St,41.907222747802734,-87.6556167602539
Chicago Ave & Dempster St,42.041690826416016,-87.6806869506836
Chicago Ave & Sheridan Rd,42.05049133300781,-87.67781829833984
Chicago Ave & Washington St,42.032562255859375,-87.6791000366211
Chicago State University,41.718963623046875,-87.6082992553711
Chopin Park,41.939998626708984,-87.76000213623047
Christiana Ave & 55th St,41.790000915527344,-87.70999908447266
Christiana Ave & Archer Ave,41.810001373291016,-87.70999908447266
Christiana Ave & Belmont Ave,41.939998626708984,-87.70999908447266
Christiana Ave & Bryn Mawr Ave,41.97999954223633,-87.70999908447266
Christiana Ave & Lawrence Ave,41.968353271484375,-87.71183013916016
Cicero Ave & Altgeld St,41.93000030517578,-87.75
Cicero Ave & Cortland St - midblock,41.91999816894531,-87.75
Cicero Ave & Flournoy St,41.87213134765625,-87.74662017822266
Cicero Ave & Grace St,41.95000076293945,-87.75
Cicero Ave & Lake St,41.8868408203125,-87.7452621459961
Cicero Ave & Le Moyne St - midblock,41.90999984741211,-87.75
Cicero Ave & North Ave,41.90999984741211,-87.75
Cicero Ave & Quincy St,41.87761306762695,-87.74540710449219
Cicero Ave & Roscoe Ave,41.94242858886719,-87.747314453125
Cicero Ave & Roscoe St,41.939998626708984,-87.75
Cicero Ave & Wellington Ave,41.935150146484375,-87.7463607788086
Cicero Ave & Wrightwood Ave,41.92790603637695,-87.7467269897461
City Rack - Albany Ave & 103rd St,41.709999084472656,-87.69999694824219
Cityfront Plaza Dr & Pioneer Ct,41.89057159423828,-87.6220703125
Claremont Ave & 71st St,41.7599983215332,-87.68000030517578
Claremont Ave & Hirsch St,41.907779693603516,-87.68585205078125
Clarendon Ave & Gordon Ter,41.95786666870117,-87.64950561523438
Clarendon Ave & Junior Ter,41.961002349853516,-87.64960479736328
Clarendon Ave & Leland Ave,41.96796798706055,-87.6500015258789
Clark St & 9th St (AMLI),41.87081527709961,-87.6312484741211
Clark St & Armitage Ave,41.918304443359375,-87.63628387451172
Clark St & Berwyn Ave,41.978031158447266,-87.66856384277344
Clark St & Bryn Mawr Ave,41.98359298706055,-87.66915130615234
Clark St & Chicago Ave,41.896751403808594,-87.63088989257812
Clark St & Columbia Ave,42.004451751708984,-87.67240142822266
Clark St & Drummond Pl,41.93124771118164,-87.64433288574219
Clark St & Elm St,41.90297317504883,-87.63127899169922
Clark St & Elmdale Ave,41.99085998535156,-87.66972351074219
Clark St & Grace St,41.95077896118164,-87.65917205810547
Clark St & Ida B Wells Dr,41.87593078613281,-87.63058471679688
Clark St & Jarvis Ave,42.01596450805664,-87.67500305175781
Clark St & Lake St,41.88602066040039,-87.63087463378906
Clark St & Leland Ave,41.96709442138672,-87.66742706298828
Clark St & Lincoln Ave,41.915687561035156,-87.63459777832031
Clark St & Lunt Ave,42.009010314941406,-87.67411041259766
Clark St & Montrose Ave,41.96158981323242,-87.6660385131836
Clark St & Newport St,41.94453811645508,-87.65467834472656
Clark St & North Ave,41.9119758605957,-87.63194274902344
Clark St & Randolph St,41.88457489013672,-87.63188934326172
Clark St & Schiller St,41.90799331665039,-87.63150024414062
Clark St & Schreiber Ave,41.99925231933594,-87.67137908935547
Clark St & Touhy Ave,42.0125617980957,-87.67436981201172
Clark St & Wellington Ave,41.93649673461914,-87.64753723144531
Clark St & Winnemac Ave,41.97334671020508,-87.66785430908203
Clark St & Wrightwood Ave,41.92954635620117,-87.64311981201172
Clifton Ave & Armitage Ave,41.918216705322266,-87.65693664550781
Clinton St & 18th St,41.857948303222656,-87.64082336425781
Clinton St & Jackson Blvd,41.87831497192383,-87.64098358154297
Clinton St & Lake St,41.88563537597656,-87.6418228149414
Clinton St & Madison St,41.88275146484375,-87.64118957519531
Clinton St & Polk St,41.87146759033203,-87.64094543457031
Clinton St & Roosevelt Rd,41.86711883544922,-87.6410903930664
Clinton St & Tilden St,41.875885009765625,-87.64079284667969
Clinton St & Washington Blvd,41.88338088989258,-87.64116668701172
Clybourn Ave & Division St,41.90461349487305,-87.64054870605469
Clyde Ave & 87th St,41.737152099609375,-87.57273864746094
Colfax Ave & 83rd St,41.7400016784668,-87.55999755859375
Columbus Ave & 79th St,41.74911880493164,-87.70426177978516
Columbus Ave & 83rd Pl,41.7413444519043,-87.71369934082031
Columbus Dr & Randolph St,41.884727478027344,-87.61952209472656
Commercial Ave & 100th St,41.71331787109375,-87.55109405517578
Commercial Ave & 130th St,41.659149169921875,-87.55076599121094
Commercial Ave & 83rd St,41.74461364746094,-87.55120849609375
Commercial Ave & 89th St,41.72999954223633,-87.55000305175781
Commercial Ave & 90th St,41.73197937011719,-87.55107116699219
Commercial Ave & 97th St,41.718929290771484,-87.55111694335938
Conservatory Dr & Lake St,41.885501861572266,-87.71686553955078
Constance Ave & 95th St,41.7222900390625,-87.57897186279297
Cornell Ave & Hyde Park Blvd,41.802406311035156,-87.58692169189453
Cornell Dr & Hayes Dr,41.78059387207031,-87.58484649658203
Cottage Grove & 85th St,41.7400016784668,-87.61000061035156
Cottage Grove & 86th St,41.7400016784668,-87.61000061035156
Cottage Grove Ave & 111th Pl,41.69171142578125,-87.61000061035156
Cottage Grove Ave & 111th St,41.689998626708984,-87.61000061035156
Cottage Grove Ave & 43rd St,41.816497802734375,-87.60658264160156
Cottage Grove Ave & 47th St,41.80985641479492,-87.60675811767578
Cottage Grove Ave & 51st St,41.80303955078125,-87.60661315917969
Cottage Grove Ave & 63rd St,41.78053283691406,-87.60597229003906
Cottage Grove Ave & 67th St,41.773719787597656,-87.60563659667969
Cottage Grove Ave & 71st St,41.76572036743164,-87.6049575805664
Cottage Grove Ave & 75th St,41.7599983215332,-87.61000061035156
Cottage Grove Ave & 78th St,41.753173828125,-87.60502624511719
Cottage Grove Ave & 83rd St,41.74344253540039,-87.6048355102539
Cottage Grove Ave & 87th St,41.7400016784668,-87.61000061035156
Cottage Grove Ave & 91st St,41.72999954223633,-87.5999984741211
Cottage Grove Ave & 92nd St,41.72999954223633,-87.5999984741211
Cottage Grove Ave & 98th St,41.720001220703125,-87.5999984741211
Cottage Grove Ave & Oakwood Blvd,41.8229866027832,-87.60710144042969
DIVVY CASSETTE REPAIR MOBILE STATION,41.880958557128906,-87.61674499511719
Daley Center Plaza,41.884239196777344,-87.62963104248047
Damen Ave & 33rd St,41.83000183105469,-87.68000030517578
Damen Ave & 47th St,41.810001373291016,-87.68000030517578
Damen Ave & 51st St,41.800907135009766,-87.6746826171875
Damen Ave & 59th St,41.78586196899414,-87.67414093017578
Damen Ave & 74th St,41.759273529052734,-87.67363739013672
Damen Ave & 77th St,41.75420379638672,-87.67322540283203
Damen Ave & 80th St,41.75,-87.66999816894531
Damen Ave & 81st St,41.74653244018555,-87.67305755615234
Damen Ave & 87th St,41.736045837402344,-87.67285919189453
Damen Ave & Charleston St,41.920082092285156,-87.6778564453125
Damen Ave & Chicago Ave,41.89576721191406,-87.6772232055664
Damen Ave & Clybourn Ave,41.93193054199219,-87.6778564453125
Damen Ave & Cortland St,41.91598129272461,-87.67733764648438
Damen Ave & Coulter St,41.84920120239258,-87.6756362915039
Damen Ave & Cullerton St,41.85496520996094,-87.67569732666016
Damen Ave & Division St,41.90326690673828,-87.67843627929688
Damen Ave & Foster Ave,41.975616455078125,-87.67945861816406
Damen Ave & Grand Ave,41.89239501953125,-87.67688751220703
Damen Ave & Lake St,41.88496780395508,-87.67683410644531
Damen Ave & Leland Ave,41.96709442138672,-87.67903137207031
Damen Ave & Madison St,41.881370544433594,-87.6749267578125
Damen Ave & Melrose Ave,41.94060134887695,-87.67849731445312
Damen Ave & Pershing Rd,41.82319259643555,-87.67659759521484
Damen Ave & Pierce Ave,41.90939712524414,-87.67768859863281
Damen Ave & Sunnyside Ave,41.96324920654297,-87.67926025390625
Damen Ave & Thomas St (Augusta Blvd),41.90131378173828,-87.67740631103516
Damen Ave & Wabansia Ave,41.90999984741211,-87.68000030517578
Damen Ave & Walnut (Lake) St,41.88595199584961,-87.67700958251953
Damen Ave & Walnut (Lake) St (*),41.88600158691406,-87.677001953125
Damen Ave & Wellington Ave,41.93587875366211,-87.67842102050781
Damen Ave/Coulter St,41.84920120239258,-87.6756362915039
Dan Ryan Woods & 83rd St,41.74280548095703,-87.68017578125
Dauphin Ave & 103rd St,41.70724868774414,-87.607666015625
Dauphin Ave & 87th St,41.7365608215332,-87.60125732421875
Dayton St & North Ave,41.910579681396484,-87.64942169189453
Dearborn Pkwy & Delaware Pl,41.89896774291992,-87.62991333007812
Dearborn St & Adams St,41.879356384277344,-87.62979125976562
Dearborn St & Erie St,41.89399337768555,-87.62931823730469
Dearborn St & Monroe St,41.88132095336914,-87.62952423095703
Dearborn St & Van Buren St,41.87626647949219,-87.62915802001953
Delano Ct & Roosevelt Rd,41.86749267578125,-87.63218688964844
Desplaines St & Jackson Blvd,41.87812042236328,-87.64395141601562
Desplaines St & Kinzie St,41.88871765136719,-87.64444732666016
Desplaines St & Randolph St,41.88461685180664,-87.64456939697266
Divvy Valet - Oakwood Beach,41.824466705322266,-87.59814453125
Dodge Ave & Church St,42.048309326171875,-87.69822692871094
Dodge Ave & Main St,42.03463363647461,-87.69918823242188
Dodge Ave & Mulford St,42.02346420288086,-87.69959259033203
Dorchester Ave & 49th St,41.80577087402344,-87.59246063232422
Dorchester Ave & 63rd St,41.7804069519043,-87.59141540527344
Doty Ave & 111th St,41.695011138916016,-87.59871673583984
Drake Ave & Addison St,41.94732666015625,-87.71758270263672
Drake Ave & Fullerton Ave,41.92439651489258,-87.71543884277344
Drake Ave & Montrose Ave,41.96115493774414,-87.71656799316406
Drexel Ave & 60th St,41.78586196899414,-87.60455322265625
Drexel Ave & 87th St,41.7400016784668,-87.5999984741211
DuSable Lake Shore Dr & Belmont Ave,41.94077682495117,-87.63919067382812
DuSable Lake Shore Dr & Diversey Pkwy,41.932586669921875,-87.63642883300781
DuSable Lake Shore Dr & Monroe St,41.880958557128906,-87.61674499511719
DuSable Lake Shore Dr & North Blvd,41.911720275878906,-87.62680053710938
DuSable Lake Shore Dr & Ohio St,41.89257049560547,-87.61449432373047
DuSable Lake Shore Dr & Wellington Ave,41.93668746948242,-87.63682556152344
DuSable Museum,41.791568756103516,-87.60784912109375
Dusable Harbor,41.8869743347168,-87.6128158569336
East End Ave & 87th St,41.73681640625,-87.58280181884766
Eastlake Ter & Howard St,42.019203186035156,-87.664306640625
Eastlake Ter & Rogers Ave,42.0208854675293,-87.66505432128906
Eberhart Ave & 131st St,41.65841293334961,-87.61071014404297
Eberhart Ave & 61st St,41.784141540527344,-87.61448669433594
Eberhart Ave & 91st St,41.729286193847656,-87.61103057861328
Eckhart Park,41.8963737487793,-87.66098022460938
Eggleston Ave & 114th St,41.689998626708984,-87.62999725341797
Eggleston Ave & 115th St,41.6850700378418,-87.63361358642578
Eggleston Ave & 69th St,41.768898010253906,-87.63587951660156
Eggleston Ave & 69th St (*),41.76890182495117,-87.63590240478516
Eggleston Ave & 92nd St,41.727577209472656,-87.63482666015625
Eli Whitney Public School,41.84000015258789,-87.7300033569336
Elizabeth (May) St & Fulton St,41.88661575317383,-87.65804290771484
Elizabeth St & 47th St,41.80839157104492,-87.65652465820312
Elizabeth St & 59th St,41.789695739746094,-87.65470123291016
Elizabeth St & 92nd St,41.72679901123047,-87.65428924560547
Elizabeth St & Fulton St,41.88682556152344,-87.658935546875
Elizabeth St & Randolph St,41.884334564208984,-87.65890502929688
Ellis Ave & 53rd St,41.79933547973633,-87.60095977783203
Ellis Ave & 55th St,41.7943000793457,-87.60144805908203
Ellis Ave & 58th St,41.78874588012695,-87.60133361816406
Ellis Ave & 60th St,41.785099029541016,-87.60107421875
Ellis Ave & 83rd St,41.74412155151367,-87.59903717041016
Elmwood Ave & Austin St,42.02578353881836,-87.6841049194336
Elston Ave & Cortland St,41.91643524169922,-87.666748046875
Elston Ave & George St,41.93000030517578,-87.69000244140625
Elston Ave & Henderson St,41.939998626708984,-87.69999694824219
Elston Ave & Wabansia Ave,41.91291809082031,-87.66416931152344
Emerald Ave & 28th St,41.84357833862305,-87.64537048339844
Emerald Ave & 31st St,41.838199615478516,-87.6451416015625
Emerald Ave & 43rd St,41.81999969482422,-87.63999938964844
Emerald Ave & 45th St,41.810001373291016,-87.63999938964844
Evans Ave & 63rd St,41.779998779296875,-87.61000061035156
Evans Ave & 75th St,41.75849151611328,-87.60640716552734
Evanston Civic Center,42.057044982910156,-87.68655395507812
Ewing Ave & 101st St,41.709999084472656,-87.54000091552734
Ewing Ave & 105th St,41.70000076293945,-87.54000091552734
Ewing Ave & 106th St,41.702659606933594,-87.53563690185547
Ewing Ave & 112th St,41.689998626708984,-87.52999877929688
Ewing Ave & 96th St,41.720001220703125,-87.54000091552734
Ewing Ave & 97th St,41.719818115234375,-87.5354232788086
Ewing Ave & 98th St,41.717811584472656,-87.53504180908203
Ewing Ave & 99th St,41.720001220703125,-87.54000091552734
Ewing Ave & Burnham Greenway,41.71274948120117,-87.5348129272461
Ewing Ave & Indianapolis Ave,41.709999084472656,-87.54000091552734
Exchange Ave & 79th St,41.751731872558594,-87.55281066894531
Fairbanks Ct & Grand Ave,41.891845703125,-87.6205825805664
Fairbanks St & Superior St,41.895748138427734,-87.62010192871094
Fairfield Ave & 44th St,41.810001373291016,-87.69000244140625
Fairfield Ave & Pratt Blvd,42.00444793701172,-87.69860076904297
Fairfield Ave & Roosevelt Rd,41.86662292480469,-87.69451904296875
Farragut Ave & Central Ave,41.976661682128906,-87.76822662353516
Federal St & Polk St,41.87207794189453,-87.62954711914062
Field Blvd & South Water St,41.886348724365234,-87.61751556396484
Field Museum,41.86531066894531,-87.61786651611328
Financial Pl & Ida B Wells Dr,41.875022888183594,-87.63309478759766
Forrestville Ave & 47th St,41.810001373291016,-87.61000061035156
Fort Dearborn Dr & 31st St,41.83855438232422,-87.60821533203125
Fort Dearborn Dr & 31st St*,41.83867645263672,-87.60883331298828
Francisco Ave & 47th St,41.810001373291016,-87.69999694824219
Francisco Ave & 85th St,41.7389030456543,-87.69551849365234
Francisco Ave & Bloomingdale Ave,41.90999984741211,-87.69999694824219
Francisco Ave & Chicago Ave,41.89574432373047,-87.69865417480469
Francisco Ave & Foster Ave,41.97563171386719,-87.701416015625
Francisco Ave & Hollywood Ave,41.97999954223633,-87.69999694824219
Francisco Ave & Montrose Ave,41.959999084472656,-87.69999694824219
Franklin St & Adams St (Temp),41.879432678222656,-87.63550567626953
Franklin St & Chicago Ave,41.89674758911133,-87.63566589355469
Franklin St & Illinois St,41.891021728515625,-87.63548278808594
Franklin St & Jackson Blvd,41.877708435058594,-87.63532257080078
Franklin St & Lake St,41.88583755493164,-87.635498046875
Franklin St & Monroe St,41.88031768798828,-87.63518524169922
Fullerton & Monitor,41.91999816894531,-87.7699966430664
Glenlake Ave & Pulaski Rd,41.99243927001953,-87.7289047241211
Glenwood Ave & Morse Ave,42.007972717285156,-87.6655044555664
Glenwood Ave & Touhy Ave,42.012699127197266,-87.66606140136719
Grace & Cicero,41.949729919433594,-87.7469482421875
Grace St & Central Ave,41.94953155517578,-87.76726531982422
Grace St & Cicero Ave,41.949729919433594,-87.7469482421875
Grand Ave & North Ave,41.90999984741211,-87.7300033569336
Granville Ave & Pulaski Rd,41.99243927001953,-87.7289047241211
Green St & 103rd St,41.709999084472656,-87.63999938964844
Green St & Madison Ave*,41.88182830810547,-87.64883422851562
Green St & Madison St,41.881893157958984,-87.64878845214844
Green St & Randolph St,41.8836669921875,-87.64866638183594
Green St & Randolph St*,41.883602142333984,-87.64862823486328
Green St & Washington Blvd,41.883182525634766,-87.64872741699219
Greenview Ave & Diversey Pkwy,41.93259048461914,-87.66593933105469
Greenview Ave & Fullerton Ave,41.925331115722656,-87.66580200195312
Greenview Ave & Jarvis Ave,42.015960693359375,-87.66857147216797
Greenwood Ave & 47th St,41.80983352661133,-87.59938049316406
Greenwood Ave & 79th St,41.75129318237305,-87.59754943847656
Greenwood Ave & 87th St,41.7400016784668,-87.5999984741211
Greenwood Ave & 91st St,41.72826385498047,-87.59729766845703
Greenwood Ave & 97th St,41.71870422363281,-87.59703826904297
Greenwood Ave & Lake Park Ave,41.81999969482422,-87.5999984741211
Griffin Museum of Science and Industry,41.79172897338867,-87.58394622802734
HQ QR,41.88990020751953,-87.6802978515625
HUBBARD ST BIKE CHECKING (LBS-WH-TEST),41.88994216918945,-87.68023681640625
Hale Ave & 107th St,41.6992073059082,-87.6689224243164
Hale Ave & 111th St,41.689998626708984,-87.66999816894531
Halsted & 63rd - Kennedy-King Vaccination Site,41.779380798339844,-87.64462280273438
Halsted St & 102nd St,41.709999084472656,-87.63999938964844
Halsted St & 104th St,41.70513916015625,-87.64242553710938
Halsted St & 111th St,41.6922607421875,-87.64260864257812
Halsted St & 18th St,41.857505798339844,-87.64598846435547
Halsted St & 18th St (Temp),41.85837173461914,-87.6463851928711
Halsted St & 21st St,41.85377883911133,-87.6466064453125
Halsted St & 35th St,41.83066177368164,-87.64717102050781
Halsted St & 37th St,41.82706069946289,-87.64572143554688
Halsted St & 41st St,41.81999969482422,-87.6500015258789
Halsted St & 47th Pl,41.80813217163086,-87.64561462402344
Halsted St & 51st St,41.80183029174805,-87.64521026611328
Halsted St & 56th St,41.792930603027344,-87.64498901367188
Halsted St & 59th St,41.787540435791016,-87.6448745727539
Halsted St & 63rd St,41.779380798339844,-87.64462280273438
Halsted St & 64th St,41.779998779296875,-87.63999938964844
Halsted St & 69th St,41.76906204223633,-87.64461517333984
Halsted St & 73rd St,41.76160430908203,-87.64415740966797
Halsted St & 76th St,41.7599983215332,-87.63999938964844
Halsted St & 78th St,41.75248718261719,-87.64390563964844
Halsted St & 80th St,41.75,-87.63999938964844
Halsted St & 83rd St,41.74306869506836,-87.6436996459961
Halsted St & 93rd St,41.724891662597656,-87.6435775756836
Halsted St & 95th St - SE,41.720001220703125,-87.63999938964844
Halsted St & 95th St - SW,41.720001220703125,-87.63999938964844
Halsted St & 96th St,41.71971130371094,-87.64302062988281
Halsted St & Archer Ave,41.84720230102539,-87.64679718017578
Halsted St & Clybourn Ave,41.90966796875,-87.64812469482422
Halsted St & Dickens Ave,41.91993713378906,-87.6488265991211
Halsted St & Fulton St,41.886871337890625,-87.64808654785156
Halsted St & Maxwell St,41.86488342285156,-87.6470718383789
Halsted St & North Branch St,41.899391174316406,-87.64854431152344
Halsted St & Polk St,41.87184143066406,-87.64663696289062
Halsted St & Roosevelt Rd,41.86732482910156,-87.64862823486328
Halsted St & Roscoe St,41.943668365478516,-87.6489486694336
Halsted St & Willow St,41.91386413574219,-87.64875793457031
Halsted St & Wrightwood Ave,41.929141998291016,-87.64907836914062
Hamilton Ave & 95th St,41.720001220703125,-87.68000030517578
Hamilton Park,41.76251983642578,-87.63733673095703
Hamlin Ave & 62nd Pl,41.779998779296875,-87.72000122070312
Hamlin Ave & Chicago Ave,41.900001525878906,-87.72000122070312
Hamlin Ave & Fullerton Ave,41.91999816894531,-87.72000122070312
Hamlin Ave & Grand Ave,41.90403366088867,-87.72156524658203
Hamlin Ave & Montrose Ave,41.959999084472656,-87.72000122070312
Hampden Ct & Diversey Ave,41.93000030517578,-87.63999938964844
Harding Ave & 26th St,41.84000015258789,-87.72000122070312
Harding Ave & 31st St,41.83671951293945,-87.72303009033203
Harding Ave & 47th St,41.810001373291016,-87.72000122070312
Harding Ave & Chicago Ave,41.89531326293945,-87.72473907470703
Harding Ave & Division St,41.90234375,-87.7250747680664
Harlem & Irving Park,41.95000076293945,-87.80999755859375
Harlem Ave & Bloomingdale Ave,41.91202926635742,-87.80577087402344
Harlem Ave & Grace St,41.95000076293945,-87.80999755859375
Harlem Ave & Irving Park Rd,41.9532585144043,-87.80713653564453
Harold Washington Park,41.79999923706055,-87.58000183105469
Harper Ave & 59th St,41.787940979003906,-87.58831787109375
Harper Ave & 63rd St,41.779998779296875,-87.58999633789062
Harriet E Sayre Public School,41.90999984741211,-87.80000305175781
Harvard Ave & 103rd St,41.709999084472656,-87.62999725341797
Hastings LWS,41.86000061035156,-87.68000030517578
Hegewisch Metra Station,41.648502349853516,-87.54608917236328
Hermitage Ave & Polk St,41.87151336669922,-87.66988372802734
Hiawatha Park,41.939998626708984,-87.83000183105469
Homan Ave & 111th St,41.689998626708984,-87.70999908447266
Homan Ave & 26th St,41.8442497253418,-87.70983123779297
Homan Ave & 65th St,41.779998779296875,-87.70999908447266
Homan Ave & 77th St,41.75373840332031,-87.70751190185547
Homan Ave & Arthington Ave,41.86962890625,-87.7105484008789
Homan Ave & Fillmore St,41.869998931884766,-87.70999908447266
Homewood Ave & 115th St,41.684593200683594,-87.67070770263672
Homewood Ave & Monterey Ave,41.689998626708984,-87.66999816894531
Honore St & Division St,41.90311813354492,-87.67393493652344
Houston Ave & 91st St,41.72999954223633,-87.55000305175781
Houston Ave & 92nd St,41.72820281982422,-87.54969787597656
Hoyne Ave & 110th Pl,41.689998626708984,-87.66999816894531
Hoyne Ave & 34th St,41.83202362060547,-87.67784118652344
Hoyne Ave & 47th St,41.8082275390625,-87.67717742919922
Hoyne Ave & Balmoral Ave,41.97985076904297,-87.68193054199219
Humboldt Blvd & Armitage Ave,41.91751480102539,-87.70181274414062
Hyde Park Blvd & 53rd St,41.79999923706055,-87.58000183105469
Hyde Park Blvd & 55th St,41.79999923706055,-87.58000183105469
Indiana Ave & 103rd St,41.70716857910156,-87.61846923828125
Indiana Ave & 133rd St,41.650001525878906,-87.62000274658203
Indiana Ave & 26th St,41.84568786621094,-87.62248229980469
Indiana Ave & 31st St,41.83884048461914,-87.62185668945312
Indiana Ave & 40th St,41.821678161621094,-87.62159729003906
Indiana Ave & Roosevelt Rd,41.867889404296875,-87.62303924560547
Ingleside Ave & 79th St,41.75,-87.5999984741211
Jefferson St & Monroe St,41.88032913208008,-87.64274597167969
Jeffery Blvd & 67th St,41.77351760864258,-87.57714080810547
Jeffery Blvd & 71st St,41.766639709472656,-87.57644653320312
Jeffery Blvd & 76th St,41.757118225097656,-87.57583618164062
Jeffery Blvd & 83rd St,41.7400016784668,-87.58000183105469
Jeffery Blvd & 91st St,41.729705810546875,-87.57574462890625
Jeffrey Blvd & 71st St,41.77000045776367,-87.58000183105469
Jonathan Y Scammon Public School,41.939998626708984,-87.7300033569336
Justine St & 87th St,41.7400016784668,-87.66000366210938
Karlov Ave & Armitage Ave,41.91748046875,-87.72895050048828
Karlov Ave & Kamerling Ave,41.90999984741211,-87.7300033569336
Karlov Ave & Lawrence Ave,41.96794509887695,-87.73040771484375
Karlov Ave & Madison St,41.88085174560547,-87.7279052734375
Karlov Ave & Milwaukee Ave,41.939998626708984,-87.7300033569336
Kedvale Ave & 63rd St,41.779998779296875,-87.7300033569336
Kedvale Ave & Avondale Ave,41.95000076293945,-87.7300033569336
Kedvale Ave & Peterson Ave,41.99007797241211,-87.73170471191406
Kedzie & 103rd St - East,41.709999084472656,-87.69999694824219
Kedzie Ave & 104th St,41.70000076293945,-87.69999694824219
Kedzie Ave & 110th St,41.6923942565918,-87.70095825195312
Kedzie Ave & 21st St,41.85353469848633,-87.70507049560547
Kedzie Ave & 24th St,41.84819030761719,-87.70541381835938
Kedzie Ave & 24th St (Temp),41.84635543823242,-87.70496368408203
Kedzie Ave & 38th St,41.824440002441406,-87.7049331665039
Kedzie Ave & 45th St,41.810001373291016,-87.69999694824219
Kedzie Ave & 48th Pl,41.79999923706055,-87.69999694824219
Kedzie Ave & 52nd St,41.79999923706055,-87.69999694824219
Kedzie Ave & 54th Pl,41.7943115234375,-87.70348358154297
Kedzie Ave & 54th St - SE,41.790000915527344,-87.69999694824219
Kedzie Ave & 54th St - SW,41.79999923706055,-87.69999694824219
Kedzie Ave & 57th St,41.790000915527344,-87.69999694824219
Kedzie Ave & 58th St,41.790000915527344,-87.69999694824219
Kedzie Ave & 60th St,41.78458023071289,-87.70319366455078
Kedzie Ave & 61st Pl,41.779998779296875,-87.69999694824219
Kedzie Ave & 63rd St,41.779998779296875,-87.69999694824219
Kedzie Ave & 64th St - SE,41.779998779296875,-87.69999694824219
Kedzie Ave & 64th St - SW,41.779998779296875,-87.69999694824219
Kedzie Ave & 66th Pl,41.7725830078125,-87.70301055908203
Kedzie Ave & 73rd St,41.760704040527344,-87.7022933959961
Kedzie Ave & 83rd St,41.742523193359375,-87.70227813720703
Kedzie Ave & Archer Ave,41.81446838378906,-87.70410919189453
Kedzie Ave & Argyle St,41.970001220703125,-87.70999908447266
Kedzie Ave & Bryn Mawr Ave,41.98223114013672,-87.7088851928711
Kedzie Ave & Chicago Ave,41.89546585083008,-87.70613098144531
Kedzie Ave & Foster Ave,41.97567367553711,-87.70925903320312
Kedzie Ave & George St,41.93000030517578,-87.70999908447266
Kedzie Ave & Harrison St,41.873600006103516,-87.70487213134766
Kedzie Ave & Jackson Blvd,41.877159118652344,-87.70613098144531
Kedzie Ave & Lake St,41.88460159301758,-87.70630645751953
Kedzie Ave & Leland Ave,41.9666862487793,-87.70805358886719
Kedzie Ave & Milwaukee Ave,41.9295654296875,-87.70785522460938
Kedzie Ave & Palmer Ct,41.92152404785156,-87.70732116699219
Kedzie Ave & Pershing Rd,41.81999969482422,-87.69999694824219
Kedzie Ave & Redfield Dr,41.765228271484375,-87.70316314697266
Kedzie Ave & Roosevelt Rd,41.866493225097656,-87.70649719238281
Keeler Ave & 55th St,41.790000915527344,-87.7300033569336
Keeler Ave & Carmen Ave,41.97432327270508,-87.73310089111328
Keeler Ave & Roosevelt Rd,41.869998931884766,-87.7300033569336
Kenneth Ave & 50th St,41.79999923706055,-87.7300033569336
Kenneth Ave & 63rd St,41.779998779296875,-87.7300033569336
Kenneth Ave & Lawrence Ave,41.96794128417969,-87.73998260498047
Kenosha & Wellington,41.93000030517578,-87.7300033569336
Kenosha Ave & Wellington Ave,41.93445587158203,-87.73379516601562
Kenton Ave & Madison St,41.880706787109375,-87.74102020263672
Kenton Ave & Palmer St,41.91999816894531,-87.73999786376953
Keystone Ave & Fullerton Ave,41.924591064453125,-87.72785186767578
Keystone Ave & Irving Park Rd,41.95000076293945,-87.7300033569336
Keystone Ave & Montrose Ave,41.96110916137695,-87.72897338867188
Keystone Ave & North Ave,41.90999984741211,-87.7300033569336
Kilbourn & Belden,41.91999816894531,-87.73999786376953
Kilbourn & Roscoe,41.939998626708984,-87.73999786376953
Kilbourn Ave & 49th St,41.80384826660156,-87.73565673828125
Kilbourn Ave & Belden Ave,41.922367095947266,-87.73902130126953
Kilbourn Ave & Diversey Ave,41.93178939819336,-87.73934173583984
Kilbourn Ave & Fullerton Ave,41.91999816894531,-87.73999786376953
Kilbourn Ave & Irving Park Rd,41.953731536865234,-87.74057006835938
Kilbourn Ave & Milwaukee Ave,41.94707107543945,-87.74000549316406
Kilbourn Ave & Roscoe St,41.94272232055664,-87.73955535888672
Kildare & Cermak,41.849998474121094,-87.7300033569336
Kildare & Chicago Ave,41.8953857421875,-87.73355102539062
Kildare Ave & 26th St,41.84423065185547,-87.7321548461914
Kildare Ave & 47th St,41.810001373291016,-87.7300033569336
Kildare Ave & 55th St,41.790000915527344,-87.7300033569336
Kildare Ave & 63rd St,41.779998779296875,-87.7300033569336
Kildare Ave & 85th St,41.73846435546875,-87.72856903076172
Kildare Ave & 85th St (Kostner Ave & 87th St TEMPORARY),41.734928131103516,-87.73118591308594
Kildare Ave & Archer Ave,41.80033874511719,-87.73078918457031
Kildare Ave & Chicago Ave,41.900001525878906,-87.7300033569336
Kildare Ave & Division Ave,41.900001525878906,-87.7300033569336
Kildare Ave & Division St,41.90239334106445,-87.73359680175781
Kildare Ave & Montrose Ave,41.96107864379883,-87.73568725585938
Kildare Ave & North Ave,41.90953826904297,-87.73384857177734
Kildare Ave & Washignton Blvd,41.880001068115234,-87.7300033569336
Kilpatrick Ave & Grand Ave,41.90999984741211,-87.73999786376953
Kilpatrick Ave & Parker Ave,41.93000030517578,-87.73999786376953
Kimball Ave & Belmont Ave,41.93939971923828,-87.71156311035156
Kimball Ave & Carmen Ave,41.970001220703125,-87.70999908447266
Kimbark Ave & 53rd St,41.79956817626953,-87.5947494506836
Kimbark Ave & 63rd St,41.779998779296875,-87.58999633789062
Kimbark Ave & 67th St,41.77000045776367,-87.58999633789062
Kingsbury St & Erie St,41.89380645751953,-87.6417007446289
Kingsbury St & Kinzie St,41.88917541503906,-87.63850402832031
Knox Ave & Marquette Ave,41.771141052246094,-87.73773956298828
Knox Ave & Montrose Ave,41.96063232421875,-87.745361328125
Kolin Ave & Archer Ave,41.79999923706055,-87.7300033569336
Komensky Ave & 31st St,41.84000015258789,-87.7300033569336
Komensky Ave & 47th St,41.80768966674805,-87.72471618652344
Komensky Ave & 55th St,41.790000915527344,-87.72000122070312
Komensky Ave & 59th St,41.790000915527344,-87.72000122070312
Kosciuszko Park,41.93058395385742,-87.7237777709961
Kostner Ave & 63rd St,41.779998779296875,-87.7300033569336
Kostner Ave & Adams St,41.8779182434082,-87.7357406616211
Kostner Ave & Armitage Ave,41.91999816894531,-87.73999786376953
Kostner Ave & Belmont Ave,41.93918991088867,-87.73711395263672
Kostner Ave & Bryn Mawr Ave,41.982765197753906,-87.73809051513672
Kostner Ave & Devon Ave,41.997032165527344,-87.73837280273438
Kostner Ave & Lake St,41.885929107666016,-87.73541259765625
Kostner Ave & North Ave,41.90999984741211,-87.73999786376953
Kostner Ave & Wrightwood Ave,41.927955627441406,-87.73595428466797
La Villita Park,41.83924865722656,-87.70201873779297
La Villita Park (Albany/30th),41.84000015258789,-87.69999694824219
LaSalle Dr & Huron St,41.89487838745117,-87.63232421875
LaSalle St & Adams St,41.87934494018555,-87.63198852539062
LaSalle St & Illinois St,41.89076232910156,-87.63169860839844
LaSalle St & Jackson Blvd,41.87816619873047,-87.63192749023438
LaSalle St & Washington St,41.88266372680664,-87.63253021240234
Lafayette Ave & 119th St,41.68000030517578,-87.62000274658203
Lafayette Ave & 87th St - NW,41.7400016784668,-87.62999725341797
Lafayette Ave & 87th St - SW,41.7400016784668,-87.62999725341797
Lafayette Ave & 95th St,41.720001220703125,-87.62000274658203
Laflin St & 51st St,41.79999923706055,-87.66000366210938
Laflin St & 79th St,41.75,-87.66000366210938
Laflin St & Cullerton St,41.854915618896484,-87.66355895996094
Lake Park Ave & 35th St,41.831275939941406,-87.60880279541016
Lake Park Ave & 44th St,41.810001373291016,-87.5999984741211
Lake Park Ave & 47th St,41.809444427490234,-87.59187316894531
Lake Park Ave & 53rd St,41.799495697021484,-87.5864486694336
Lake Park Ave & 56th St,41.793243408203125,-87.58778381347656
Lake Shore Dr & Belmont Ave,41.94077682495117,-87.63919067382812
Lake Shore Dr & Diversey Pkwy,41.932586669921875,-87.63642883300781
Lake Shore Dr & Monroe St,41.880958557128906,-87.61674499511719
Lake Shore Dr & North Blvd,41.911720275878906,-87.62680053710938
Lake Shore Dr & Ohio St,41.89257049560547,-87.61449432373047
Lake Shore Dr & Wellington Ave,41.93668746948242,-87.63682556152344
Lakefront Trail & Bryn Mawr Ave,41.98403549194336,-87.65231323242188
Lakefront Trail & Wilson Ave,41.965843200683594,-87.6453628540039
Lakeview Ave & Fullerton Pkwy,41.92585754394531,-87.63896942138672
Lamon Ave & 47th St,41.80781173706055,-87.74568939208984
Lamon Ave & Archer Ave,41.79999923706055,-87.73999786376953
Lamon Ave & Armitage Ave,41.91999816894531,-87.75
Lamon Ave & Belmont Ave,41.939998626708984,-87.75
Lamon Ave & Chicago Ave,41.900001525878906,-87.75
Langley Ave & 105th Pl,41.70000076293945,-87.61000061035156
Langley Ave & 79th St,41.75,-87.61000061035156
Laramie Ave & Addison St,41.945682525634766,-87.7569351196289
Laramie Ave & Belmont Ave,41.939998626708984,-87.76000213623047
Laramie Ave & Bloomingdale Ave,41.91432189941406,-87.75572204589844
Laramie Ave & Fullerton Ave,41.91999816894531,-87.76000213623047
Laramie Ave & Gladys Ave,41.87580490112305,-87.75528717041016
Laramie Ave & Grand Ave,41.91999816894531,-87.76000213623047
Laramie Ave & Irving Park Rd,41.95333480834961,-87.75838470458984
Laramie Ave & Kinzie St,41.88783264160156,-87.75552368164062
Laramie Ave & Madison St,41.88020706176758,-87.75534057617188
Larrabee St & Armitage Ave,41.91808319091797,-87.64374542236328
Larrabee St & Division St,41.90348434448242,-87.64335632324219
Larrabee St & Kingsbury St,41.897762298583984,-87.64288330078125
Larrabee St & Menomonee St,41.91468048095703,-87.64331817626953
Larrabee St & North Ave,41.91020965576172,-87.64350128173828
Larrabee St & Oak St,41.90021896362305,-87.64298248291016
Larrabee St & Webster Ave,41.92182159423828,-87.6441421508789
Latrobe Ave & Chicago Ave,41.894744873046875,-87.75689697265625
Latrobe Ave & Lake St,41.88999938964844,-87.76000213623047
Lavergne & Fullerton,41.91999816894531,-87.75
Lavergne Ave & 44th St,41.8131103515625,-87.74868774414062
Lavergne Ave & 46th St,41.810001373291016,-87.75
Lavergne Ave & Diversey Ave,41.931278228759766,-87.75141143798828
Lavergne Ave & Division St,41.90210723876953,-87.75086975097656
Lavergne Ave & Fullerton Ave,41.924034118652344,-87.75119018554688
Lavergne Ave & Lawrence Ave,41.967750549316406,-87.7525863647461
Lawler Ave & 50th St,41.79999923706055,-87.75
Lawler Ave & North Ave,41.909175872802734,-87.75225830078125
Lawndale Ave & 111th St,41.69131851196289,-87.71288299560547
Lawndale Ave & 16th St,41.86000061035156,-87.72000122070312
Lawndale Ave & 30th St,41.84000015258789,-87.72000122070312
Lawndale Ave & 59th St,41.786380767822266,-87.7156982421875
Lawndale Ave & Diversey Ave,41.93000030517578,-87.72000122070312
Lawndale Ave & Polk St,41.869998931884766,-87.72000122070312
Lawrence Ave & 103rd St,41.709999084472656,-87.61000061035156
Leamington Ave & Hirsch St,41.90999984741211,-87.75
Leavitt St & Addison St,41.9466552734375,-87.68335723876953
Leavitt St & Archer Ave,41.828792572021484,-87.68060302734375
Leavitt St & Armitage Ave,41.91780471801758,-87.68243408203125
Leavitt St & Belmont Ave,41.939353942871094,-87.68328094482422
Leavitt St & Belmont Ave (*),41.93939971923828,-87.68329620361328
Leavitt St & Chicago Ave,41.89550018310547,-87.68201446533203
Leavitt St & Division St,41.90299606323242,-87.68382263183594
Leavitt St & Division St (*),41.90299987792969,-87.68379974365234
Leavitt St & Lawrence Ave,41.9688835144043,-87.68399810791016
Leavitt St & North Ave,41.9105110168457,-87.68238830566406
Leavitt St/North Ave,41.91007614135742,-87.68230438232422
Leclaire Ave & Belmont Ave,41.93904113769531,-87.75419616699219
Legler Regional Library,41.880001068115234,-87.7300033569336
Lexington & California Ave,41.87215805053711,-87.696044921875
Lexington St & California Ave,41.87199401855469,-87.69580841064453
Lincoln Ave & Addison St,41.94617462158203,-87.67330932617188
Lincoln Ave & Balmoral Ave,41.97999954223633,-87.69000244140625
Lincoln Ave & Belle Plaine Ave,41.95600509643555,-87.68016052246094
Lincoln Ave & Belmont Ave,41.93936538696289,-87.66838836669922
Lincoln Ave & Belmont Ave (Temp),41.93953323364258,-87.67111206054688
Lincoln Ave & Byron St,41.95237350463867,-87.67729949951172
Lincoln Ave & Diversey Pkwy,41.93222427368164,-87.65861511230469
Lincoln Ave & Fullerton Ave,41.92416000366211,-87.64637756347656
Lincoln Ave & Melrose St,41.94060134887695,-87.66943359375
Lincoln Ave & Peterson Ave,41.99026870727539,-87.70857238769531
Lincoln Ave & Roscoe St,41.94334030151367,-87.67096710205078
Lincoln Ave & Roscoe St*,41.94335174560547,-87.67066955566406
Lincoln Ave & Sunnyside Ave,41.96300506591797,-87.68478393554688
Lincoln Ave & Waveland Ave,41.948795318603516,-87.67527770996094
Lincoln Ave & Winona St,41.974910736083984,-87.6925048828125
Lincoln Park Conservatory,41.92393112182617,-87.63582611083984
Lincolnwood Dr & Central St,42.06485366821289,-87.71529388427734
Linder Ave & Belmont Ave,41.939998626708984,-87.76000213623047
Linder Ave & Montrose Ave,41.960811614990234,-87.76487731933594
Lockwood Ave & Grand Ave,41.91759490966797,-87.75841522216797
Lockwood Ave & Wrightwood Ave,41.93000030517578,-87.76000213623047
Lockwood Ave and Grand Ave,41.91759490966797,-87.75841522216797
Logan Blvd & Elston Ave,41.929466247558594,-87.68415832519531
Long & Irving Park,41.95000076293945,-87.76000213623047
Long Ave & Belden Ave,41.91999816894531,-87.76000213623047
Long Ave & Belmont Ave,41.939998626708984,-87.76000213623047
Long Ave & Diversey Ave,41.9310417175293,-87.76123809814453
Long Ave & North Ave,41.90999984741211,-87.76000213623047
Longwood Dr & 111th St,41.689998626708984,-87.66999816894531
Loomis Blvd & 83rd St,41.7400016784668,-87.66000366210938
Loomis Blvd & 84th St,41.741485595703125,-87.65840911865234
Loomis St & 87th St,41.7400016784668,-87.66000366210938
Loomis St & 89th St,41.73237991333008,-87.65806579589844
Loomis St & 95th St,41.72148132324219,-87.6577377319336
Loomis St & Archer Ave,41.84163284301758,-87.65743255615234
Loomis St & Jackson Blvd,41.87794494628906,-87.6620101928711
Loomis St & Lexington St,41.872188568115234,-87.6614990234375
Loomis St & Lexington St*,41.872169494628906,-87.66155242919922
Lorel Ave & Chicago Ave,41.88999938964844,-87.76000213623047
Lowe Ave & 98th St,41.720001220703125,-87.63999938964844
Lowell Ave & Armitage,41.917076110839844,-87.7353515625
Lowell Ave & Armitage Ave,41.917076110839844,-87.7353515625
Lowell Ave & Elston Ave,41.970001220703125,-87.73999786376953
Lyft Driver Center Private Rack,41.900001525878906,-87.66000366210938
Lynch Ave & Elston Ave,41.980960845947266,-87.76148986816406
MLK Jr Dr & 29th St,41.8420524597168,-87.61699676513672
MLK Jr Dr & 47th St,41.809852600097656,-87.61627960205078
MLK Jr Dr & 56th St,41.79343032836914,-87.61585235595703
MLK Jr Dr & 63rd St,41.78007888793945,-87.6159439086914
MLK Jr Dr & 83rd St,41.74311447143555,-87.61479949951172
MLK Jr Dr & Pershing Rd,41.82460021972656,-87.61678314208984
MTL-ECO5.1-01,41.91709899902344,-87.74819946289062
MTV Hubbard St,41.88999938964844,-87.68000030517578
Mackinaw Ave & 106th St,41.70000076293945,-87.54000091552734
Mackinaw Ave & 108th St,41.70000076293945,-87.54000091552734
Mackinaw Ave & 85th St,41.7400016784668,-87.54000091552734
Major Ave & Addison St,41.94583511352539,-87.7691879272461
Major Ave & Bloomingdale Ave,41.90999984741211,-87.7699966430664
Major Taylor Trail & 115th St,41.684932708740234,-87.6452865600586
Major Taylor Trail & 124th St,41.668697357177734,-87.63711547851562
Malcolm X College,41.87761688232422,-87.67389678955078
Malcolm X College Vaccination Site,41.87761688232422,-87.67389678955078
Mango Ave & Diversey Ave,41.93096160888672,-87.76988220214844
Mango Ave & North Ave,41.90958023071289,-87.76911926269531
Manistee Ave & 95th St,41.722599029541016,-87.55692291259766
Manor Ave & Leland Ave,41.96587371826172,-87.7008285522461
Maplewood Ave & 59th St,41.790000915527344,-87.69000244140625
Maplewood Ave & Peterson Ave,41.990234375,-87.69336700439453
Marine Dr & Ainslie St,41.97159957885742,-87.65015411376953
Market Days Scooter Corral,41.94733810424805,-87.64996337890625
Marmora Ave & Belmont Ave,41.938289642333984,-87.77376556396484
Marmora Ave & Irving Park Rd,41.95310592651367,-87.77473449707031
Marquette Ave & 79th St,41.75,-87.55999755859375
Marquette Ave & 89th St,41.73366928100586,-87.55834197998047
Marshfield Ave & 44th St,41.813995361328125,-87.66658782958984
Marshfield Ave & 45th St,41.810001373291016,-87.66999816894531
Marshfield Ave & 59th St,41.786834716796875,-87.66621398925781
Marshfield Ave & 87th St,41.7400016784668,-87.66000366210938
Marshfield Ave & Cortland St,41.916015625,-87.66887664794922
Martin Luther King Dr & 111th St,41.689998626708984,-87.61000061035156
Martin Luther King Dr & 44th St,41.810001373291016,-87.62000274658203
Martin Luther King Dr & 69th St,41.77000045776367,-87.62000274658203
Martin Luther King Dr & 87th St,41.73677062988281,-87.61438751220703
Maryland Ave & 104th St,41.709999084472656,-87.5999984741211
Maryland Ave & 87th ST,41.7400016784668,-87.5999984741211
Mason Ave & Belmont Ave,41.939998626708984,-87.7699966430664
Mason Ave & Grand Ave,41.920433044433594,-87.7743911743164
Mason Ave & Montrose Ave,41.9605598449707,-87.77587890625
Mason Ave & Roosevelt Rd,41.869998931884766,-87.7699966430664
May St & 63rd St,41.779998779296875,-87.6500015258789
May St & 69th St,41.76893615722656,-87.6529312133789
May St & Cullerton St,41.85513687133789,-87.65412902832031
May St & Taylor St,41.869483947753906,-87.65548706054688
Mayfield & Roosevelt Rd,41.869998931884766,-87.7699966430664
Mayfield Ave & Roosevelt Rd,41.86568832397461,-87.77175903320312
McClurg Ct & Erie St,41.89450454711914,-87.61785125732422
McClurg Ct & Illinois St,41.890357971191406,-87.6175308227539
McClurg Ct & Ohio St,41.89259338378906,-87.6172866821289
McCormick Blvd & Devon Ave,41.997135162353516,-87.71121978759766
McCormick Place,41.851375579833984,-87.61883544921875
McVicker Ave & Grand Ave,41.91999816894531,-87.77999877929688
Meade Ave & Addison St,41.95000076293945,-87.77999877929688
Meade Ave & Diversey Ave,41.93000030517578,-87.77999877929688
Meade Ave & Fullerton Ave,41.92475128173828,-87.77827453613281
Melvina Ave & Giddings Ave,41.96648025512695,-87.78202056884766
Menard Ave & Agusta Blvd,41.900001525878906,-87.7699966430664
Menard Ave & Belmont Ave,41.939998626708984,-87.7699966430664
Menard Ave & Dakin St - midblock,41.95000076293945,-87.7699966430664
Menard Ave & Division St,41.900001525878906,-87.7699966430664
Menard Ave & Grand Ave,41.91999816894531,-87.7699966430664
Menard Ave & Lawrence Ave,41.96788024902344,-87.77274322509766
Menard Ave & Madison St,41.880001068115234,-87.7699966430664
Menard Ave & Milwaukee Ave,41.98139190673828,-87.77330780029297
Menard Ave & North Ave,41.90999984741211,-87.7699966430664
Merrimac Park,41.95261001586914,-87.78534698486328
Michigan Ave & 102nd St,41.709999084472656,-87.62000274658203
Michigan Ave & 105th St,41.703460693359375,-87.62036895751953
Michigan Ave & 108th St,41.698150634765625,-87.62110900878906
Michigan Ave & 110th St,41.689998626708984,-87.62000274658203
Michigan Ave & 113th St,41.689048767089844,-87.62078857421875
Michigan Ave & 114th St,41.687015533447266,-87.62105560302734
Michigan Ave & 119th St,41.68000030517578,-87.62000274658203
Michigan Ave & 14th St,41.86405944824219,-87.62372589111328
Michigan Ave & 18th St,41.85781478881836,-87.62454986572266
Michigan Ave & 71st St,41.76528549194336,-87.62174987792969
Michigan Ave & 8th St,41.872772216796875,-87.62397766113281
Michigan Ave & Ida B Wells Dr,41.876243591308594,-87.62442779541016
Michigan Ave & Jackson Blvd,41.87784957885742,-87.62407684326172
Michigan Ave & Lake St,41.886024475097656,-87.62411499023438
Michigan Ave & Madison St,41.88213348388672,-87.6251220703125
Michigan Ave & Oak St,41.90095901489258,-87.623779296875
Michigan Ave & Pearson St,41.89765930175781,-87.6235122680664
Michigan Ave & Washington St,41.88398361206055,-87.62468719482422
Midway Orange Line,41.78691864013672,-87.73892211914062
Mies van der Rohe Way & Chestnut St,41.89858627319336,-87.62191772460938
Mies van der Rohe Way & Chicago Ave,41.89694595336914,-87.62175750732422
Millard Ave & 26th St,41.84453201293945,-87.7159194946289
Millennium Park,41.88103103637695,-87.62408447265625
Milwaukee Ave & Addison St,41.95000076293945,-87.73999786376953
Milwaukee Ave & Agatite Ave,41.96149826049805,-87.75489044189453
Milwaukee Ave & Ainslie St,41.96860885620117,-87.76107788085938
Milwaukee Ave & Cuyler Ave,41.9544677734375,-87.74959564208984
Milwaukee Ave & Diversey Ave,41.93000030517578,-87.70999908447266
Milwaukee Ave & Fullerton Ave,41.91999816894531,-87.69999694824219
Milwaukee Ave & Grand Ave,41.891578674316406,-87.64838409423828
Milwaukee Ave & Haussen Ct,41.939998626708984,-87.72000122070312
Milwaukee Ave & Rockwell St,41.920196533203125,-87.69265747070312
Milwaukee Ave & School St,41.939998626708984,-87.7300033569336
Milwaukee Ave & Wabansia Ave,41.91261672973633,-87.68138885498047
Monitor Ave & Division St,41.901920318603516,-87.77178192138672
Monticello Ave & Belmont Ave,41.939998626708984,-87.72000122070312
Monticello Ave & Chicago Ave,41.900001525878906,-87.72000122070312
Monticello Ave & Irving Park Rd,41.95400619506836,-87.71913146972656
Monticello Ave & Lawrence Ave,41.968204498291016,-87.71954345703125
Montrose Harbor,41.96398162841797,-87.63818359375
Morgan Ave & 14th Pl,41.86237716674805,-87.65106201171875
Morgan St & 103rd St,41.709999084472656,-87.6500015258789
Morgan St & 18th St,41.85808563232422,-87.65106964111328
Morgan St & 31st St,41.837799072265625,-87.65113830566406
Morgan St & 87th St,41.7400016784668,-87.6500015258789
Morgan St & 95th St,41.720001220703125,-87.6500015258789
Morgan St & Lake St,41.88548278808594,-87.65230560302734
Morgan St & Lake St*,41.88549041748047,-87.65229034423828
Morgan St & Pershing Rd,41.823612213134766,-87.65093231201172
Morgan St & Polk St,41.87173843383789,-87.65103149414062
Mozart Elementary School,41.91999816894531,-87.72000122070312
Mozart St & 55th St,41.79375076293945,-87.69471740722656
Mozart St & 79th St,41.74970245361328,-87.69391632080078
Mozart St & Jackson Blvd,41.880001068115234,-87.69999694824219
Mt Greenwood Library - North,41.689998626708984,-87.69999694824219
Mt Greenwood Library - South,41.689998626708984,-87.69999694824219
Mulligan Ave & Archer Ave,41.79296112060547,-87.780517578125
Mulligan Ave & Wellington Ave,41.93000030517578,-87.77999877929688
Museum of Science and Industry,41.79172897338867,-87.58394622802734
Muskegon Ave & 89th St,41.72999954223633,-87.55999755859375
N Carpenter St & W Lake St,41.88999938964844,-87.6500015258789
N Clark St & W Elm St,41.90290069580078,-87.63127899169922
N Damen Ave & W Chicago Ave,41.900001525878906,-87.68000030517578
N Green St & W Lake St,41.88999938964844,-87.6500015258789
N Hampden Ct & W Diversey Ave,41.93000030517578,-87.63999938964844
N Narragansett Ave & Grand Ave,41.91999816894531,-87.77999877929688
N Paulina St & Lincoln Ave,41.939998626708984,-87.66999816894531
N Sheffield Ave & W Wellington Ave,41.939998626708984,-87.6500015258789
N Shore Channel Trail & Argyle Ave,41.970001220703125,-87.69999694824219
N Shore Channel Trail & Argyle St,41.970001220703125,-87.69999694824219
N Southport Ave & W Newport Ave,41.939998626708984,-87.66000366210938
NEW HASTINGS ,41.86360549926758,-87.67976379394531
Nagle Ave & Belmont Ave,41.93851852416992,-87.787353515625
Narragansett & Irving Park,41.95000076293945,-87.79000091552734
Narragansett & McLean,41.91999816894531,-87.79000091552734
Narragansett & Wrightwood,41.93000030517578,-87.79000091552734
Narragansett Ave & Fullerton Ave,41.91999816894531,-87.77999877929688
Narragansett Ave & McLean Ave,41.91590118408203,-87.78511047363281
Narragansett Ave & Montrose Ave,41.95997619628906,-87.78692626953125
Narragansett Ave & North Ave,41.90950012207031,-87.784912109375
Narragansett Ave & School St,41.939998626708984,-87.79000091552734
Narragansett Ave & Wrightwood Ave,41.92729187011719,-87.78523254394531
Neva Ave & Grand Ave,41.91999816894531,-87.80000305175781
New England Ave & Grace St,41.95000076293945,-87.80000305175781
New St & Illinois St,41.890846252441406,-87.61861419677734
NewHastings,41.85342788696289,-87.70062255859375
Newcastle Ave & Belden Ave,41.91999816894531,-87.80000305175781
Newcastle Ave & Belmont Ave,41.939998626708984,-87.80000305175781
Newcastle Ave & Irving Park Rd,41.95256042480469,-87.79754638671875
Newcastle Ave & Wellington Ave,41.93000030517578,-87.80000305175781
Newland Ave & Diversey Ave,41.93000030517578,-87.80000305175781
Noble St & Milwaukee Ave,41.90068054199219,-87.66259765625
Noble St & Milwaukee Ave (Temp),41.89984130859375,-87.66146087646484
Nordica & Medill,41.91999816894531,-87.80000305175781
Nordica Ave & Medill Ave,41.922271728515625,-87.80201721191406
Normal Ave & 72nd St,41.7599983215332,-87.63999938964844
Normal Ave & Archer Ave,41.849525451660156,-87.64059448242188
North Ave & New England Ave,41.90999984741211,-87.80000305175781
North Boundary Park,42.013031005859375,-87.70890808105469
Oak Park & Wellington,41.93000030517578,-87.80000305175781
Oakley Ave & Irving Park Rd,41.954341888427734,-87.68608093261719
Oakley Ave & Touhy Ave,42.0123405456543,-87.68824005126953
Oconto Ave & Belmont Ave,41.93783187866211,-87.80787658691406
Ogden Ave & Chicago Ave,41.8963623046875,-87.65406036376953
Ogden Ave & Congress Pkwy,41.8750114440918,-87.67327880859375
Ogden Ave & Race Ave,41.89179611206055,-87.65875244140625
Ogden Ave & Roosevelt Rd,41.86650085449219,-87.68470001220703
Oglesby Ave & 100th St,41.71339797973633,-87.56584167480469
Oglesby Ave & 105th St,41.70000076293945,-87.55999755859375
Oglesby Ave & 95th St,41.720001220703125,-87.56999969482422
Oketo Ave & Addison,41.94489669799805,-87.8119125366211
Oketo Ave & Addison St,41.939998626708984,-87.80999755859375
Oketo Ave & Belmont Ave,41.939998626708984,-87.80999755859375
Oleander Ave & Addison St,41.95000076293945,-87.81999969482422
Olive Harvey College,41.70957946777344,-87.5902328491211
Orange & Addison,41.939998626708984,-87.81999969482422
Orange Ave & Addison St,41.94485092163086,-87.82422637939453
Oriole Ave & Irving Park Rd,41.952239990234375,-87.81697082519531
Orleans St & Chestnut St (NEXT Apts),41.8982048034668,-87.63753509521484
Orleans St & Elm St,41.902923583984375,-87.6377182006836
Orleans St & Hubbard St,41.89002990722656,-87.6366195678711
Orleans St & Merchandise Mart Plaza,41.88824462890625,-87.63639068603516
Orville T Bright School,41.70000076293945,-87.55999755859375
Overhill Ave & Belmont Ave,41.93798828125,-87.81915283203125
Ozark Ave & Addison St,41.939998626708984,-87.81999969482422
Panama Ave & Grace St,41.95000076293945,-87.83000183105469
Parkside Ave & Armitage Ave,41.91999816894531,-87.7699966430664
Parnell Ave & 127th St,41.66337966918945,-87.63429260253906
Paulina Ave & 87th St,41.73563003540039,-87.66551971435547
Paulina Ave & North Ave,41.909854888916016,-87.66992950439453
Paulina St & 18th St,41.85790252685547,-87.66874694824219
Paulina St & Flournoy St,41.87295150756836,-87.66912841796875
Paulina St & Howard St,42.01915740966797,-87.67357635498047
Paulina St & Montrose Ave,41.96150588989258,-87.67138671875
Penn Elementary School / KIPP Ascend Middle School,41.86000061035156,-87.72000122070312
Peoria St & Jackson Blvd,41.87763977050781,-87.64962005615234
Perry Ave & 108th Pl,41.70000076293945,-87.62999725341797
Perry Ave & 69th St,41.76929473876953,-87.6281967163086
Pershing Rd & Sacramento Ave,41.82258224487305,-87.69941711425781
Peterson/Ridge Metra,41.991798400878906,-87.67488861083984
Phillips Ave & 79th St,41.7518196105957,-87.5652084350586
Phillips Ave & 83rd St,41.744529724121094,-87.5650634765625
Pine Ave & Division St,41.90186309814453,-87.7638168334961
Pine Grove Ave & Irving Park Rd,41.954383850097656,-87.64804077148438
Pine Grove Ave & Waveland Ave,41.9494743347168,-87.64645385742188
Ping Tom Park (East),41.85799026489258,-87.63194274902344
Piotrowski Park,41.84000015258789,-87.7300033569336
Pittsburgh Ave & Irving Park,41.95000076293945,-87.83000183105469
Pittsburgh Ave & Irving Park Rd,41.951995849609375,-87.83295440673828
Plainfield & Irving Park,41.95000076293945,-87.83000183105469
Plainfield Ave & Irving Park Rd,41.95000076293945,-87.83000183105469
Portage Park,41.95606994628906,-87.76471710205078
Prairie Ave & 43rd St,41.81665802001953,-87.61941528320312
Prairie Ave & 47th St - midblock,41.810001373291016,-87.62000274658203
Prairie Ave & Garfield Blvd,41.79485321044922,-87.61869049072266
Princeton Ave & 43rd St,41.81999969482422,-87.62999725341797
Princeton Ave & 47th St,41.80931854248047,-87.6334457397461
Princeton Ave & 95th St,41.72174835205078,-87.63075256347656
Princeton Ave & Garfield Blvd,41.79498291015625,-87.63312530517578
Prospect Sq & 91st St,41.728233337402344,-87.66752624511719
Pubic Rack - Pulaski Rd & 41st,41.81999969482422,-87.72000122070312
Public  Rack - Albany Ave & 63rd St,41.779998779296875,-87.69999694824219
Public Rack - 10101 S Stony Island Ave,41.70838165283203,-87.58145141601562
Public Rack - 10557 S Western Ave,41.70000076293945,-87.68000030517578
Public Rack - 111th St - Morgan Park Metra,41.689998626708984,-87.66999816894531
Public Rack - 2302 S Pulaski Rd,41.84943771362305,-87.72480010986328
Public Rack - 4810 Keeler Ave,41.96826934814453,-87.7330322265625
Public Rack - 532 E 43rd St,41.81999969482422,-87.61000061035156
Public Rack - 53rd St & Indiana Ave,41.79825210571289,-87.62085723876953
Public Rack - 56th St & Mulligan Ave,41.79050827026367,-87.7799301147461
Public Rack - 61st St & Melvina Ave,41.780826568603516,-87.77999877929688
Public Rack - 63rd & Western Ave N,41.779998779296875,-87.68000030517578
Public Rack - 63rd & Western Ave S,41.779197692871094,-87.68358612060547
Public Rack - 63rd Pl & Narraganssett Ave,41.77658462524414,-87.78207397460938
Public Rack - 63rd St and Nagle Ave,41.777523040771484,-87.7822265625
Public Rack - 82nd st & Kedzie Ave,41.74325942993164,-87.70235443115234
Public Rack - 83rd Pl & Kedzie Ave N,41.7400016784668,-87.69999694824219
Public Rack - 85th Pl & Pulaski Rd,41.737388610839844,-87.7213363647461
Public Rack - Abbott Park,41.72163009643555,-87.62273406982422
Public Rack - Ada St & 117th St,41.681129455566406,-87.65506744384766
Public Rack - Ada St & 119th St,41.67732620239258,-87.65461730957031
Public Rack - Ada St & 79th St,41.75052261352539,-87.6572494506836
Public Rack - Ada St & 95th St,41.721580505371094,-87.65612030029297
Public Rack - Aida Food Market,41.74980545043945,-87.64415740966797
Public Rack - Al Raby School,41.88999938964844,-87.70999908447266
Public Rack - Albany Ave & 103rd St,41.70674514770508,-87.7000503540039
Public Rack - Albany Ave & 63rd St,41.779998779296875,-87.69999694824219
Public Rack - Archer Park,41.79999923706055,-87.73999786376953
Public Rack - Artesian & 71st,41.764827728271484,-87.68443298339844
Public Rack - Ashland Ave & 45th St,41.810001373291016,-87.66000366210938
Public Rack - Ashland Ave & 46th St,41.810482025146484,-87.6654052734375
Public Rack - Ashland Ave & 63rd St,41.77883529663086,-87.66429138183594
Public Rack - Ashland Ave & 71st St,41.77000045776367,-87.66000366210938
Public Rack - Ashland Ave & 74th St,41.75962829589844,-87.66374969482422
Public Rack - Ashland Ave & 76th St,41.755958557128906,-87.66390991210938
Public Rack - Ashland Ave & 83rd St,41.7400016784668,-87.66000366210938
Public Rack - Ashland Ave & 91st St,41.728416442871094,-87.66275024414062
Public Rack - Austin & 62nd,41.77956008911133,-87.77143859863281
Public Rack - Austin & Higgins,41.970001220703125,-87.77784729003906
Public Rack - Austin Ave & Archer Ave,41.790000915527344,-87.7699966430664
Public Rack - Austin Ave & Roscoe St,41.939998626708984,-87.77999877929688
Public Rack - Austin Ave & Wellington Ave,41.939998626708984,-87.77999877929688
Public Rack - Austin Ave & Wrightwood Ave,41.93000030517578,-87.77999877929688
Public Rack - Austin Blvd & North Ave,41.90928268432617,-87.7756118774414
Public Rack - Austin Branch Chicago Public Library,41.88999938964844,-87.7699966430664
Public Rack - Ave N & 106th St,41.70261764526367,-87.53874206542969
Public Rack - Avenue J & 102nd St,41.709991455078125,-87.5343017578125
Public Rack - Avenue J & 106th St,41.70261001586914,-87.53353118896484
Public Rack - Avenue J & 112th St,41.691741943359375,-87.53433990478516
Public Rack - Avenue M & 132nd St,41.65569305419922,-87.53759765625
Public Rack - Avers & Granville,41.99374771118164,-87.72509765625
Public Rack - Avers & Lawrence,41.96841812133789,-87.72445678710938
Public Rack - Avers Ave & Archer Ave,41.79999923706055,-87.72000122070312
Public Rack - Avers Ave & Irving Park Rd,41.95000076293945,-87.72000122070312
Public Rack - Avers Ave & Ogden Ave,41.849998474121094,-87.72000122070312
Public Rack - Avondale Ave & Addison St,41.95000076293945,-87.72000122070312
Public Rack - Back of the Yards Park,41.80424880981445,-87.65769958496094
Public Rack - Baltimore Ave & 132nd St,41.65520095825195,-87.54694366455078
Public Rack - Baltimore Ave & 133rd St,41.650001525878906,-87.55000305175781
Public Rack - Baltimore Ave & 134th St,41.6513671875,-87.54728698730469
Public Rack - Bell Ave & 95th St,41.720001220703125,-87.68000030517578
Public Rack - Bensley Ave & 103rd St,41.709999084472656,-87.55999755859375
Public Rack - Bernard St & Foster Ave,41.97563552856445,-87.71267700195312
Public Rack - Bishop St & 46th St,41.809940338134766,-87.6615219116211
Public Rack - Bishop St & 81st St,41.745826721191406,-87.65985107421875
Public Rack - Brainerd Park,41.72999954223633,-87.6500015258789
Public Rack - Brandon Ave & 91st St,41.72999954223633,-87.54664611816406
Public Rack - Brighton Park Branch Chicago Library,41.81999969482422,-87.69999694824219
Public Rack - Brooks Park,42.00441360473633,-87.80706024169922
Public Rack - Bryn Mawr Ave & Milwaukee Ave,41.982933044433594,-87.7744369506836
Public Rack - Bryn Mawr Ave & Spaulding Ave,41.98309326171875,-87.71158599853516
Public Rack - Buffalo Ave & 133rd St,41.650001525878906,-87.54354095458984
Public Rack - Buffalo Ave & 89th St,41.72999954223633,-87.54446411132812
Public Rack - California & 71st,41.7599983215332,-87.69000244140625
Public Rack - California & 87th,41.735694885253906,-87.69220733642578
Public Rack - California Ave & Cortez St,41.900001525878906,-87.69999694824219
Public Rack - California Ave & Devon Ave - NE,42.0,-87.69999694824219
Public Rack - California Ave & Devon Ave - NW,42.0,-87.69999694824219
Public Rack - California Ave & Marquette Rd,41.77000045776367,-87.69000244140625
Public Rack - California Ave & Ogden Ave,41.86000061035156,-87.69999694824219
Public Rack - California Ave & Pershing Rd,41.81999969482422,-87.69000244140625
Public Rack - California Ave & Touhy Ave - NW,42.0099983215332,-87.69999694824219
Public Rack - California Ave & Touhy Ave - SW,42.0099983215332,-87.69999694824219
Public Rack - California Ave & Touhy Ave - midblock,42.01200866699219,-87.70063781738281
Public Rack - Calumet Ave & 103rd St,41.707061767578125,-87.61544799804688
Public Rack - Calumet Ave & 133rd St,41.65397644042969,-87.61422729492188
Public Rack - Calumet Ave & 51st St,41.79999923706055,-87.62000274658203
Public Rack - Calumet Ave & 71st St,41.76548385620117,-87.61698150634766
Public Rack - Calumet Ave & Garfield Blvd,41.79488754272461,-87.61768341064453
Public Rack - Campbell Ave & Pratt Blvd,42.005069732666016,-87.69264221191406
Public Rack - Canfield & Victoria,41.98506546020508,-87.82317352294922
Public Rack - Canty Elementary School,41.94756317138672,-87.82930755615234
Public Rack - Central & Berteau,41.956871032714844,-87.76737213134766
Public Rack - Central & Leland,41.96540832519531,-87.76734161376953
Public Rack - Central & Prescott,41.992794036865234,-87.76558685302734
Public Rack - Central Ave & Adams St,41.878265380859375,-87.76488494873047
Public Rack - Central Ave & Corcoran Pl,41.88999938964844,-87.7699966430664
Public Rack - Central Ave & George St,41.93000030517578,-87.7699966430664
Public Rack - Central Ave & Lawrence Ave,41.967864990234375,-87.76759338378906
Public Rack - Central Ave & North Ave,41.90999984741211,-87.7699966430664
Public Rack - Central Ave & Pensacola Ave,41.960025787353516,-87.76713562011719
Public Rack - Central Park & Bryn Mawr,41.982872009277344,-87.71959686279297
Public Rack - Central Park & Peterson,41.99009323120117,-87.71875
Public Rack - Central Park Ave & 16th St,41.85893630981445,-87.72000122070312
Public Rack - Central Park Ave & Fillmore St,41.86806106567383,-87.71539306640625
Public Rack - Central Park Ave & Fulton Blvd,41.88615036010742,-87.72000122070312
Public Rack - Central Park Ave & Ogden Ave,41.849998474121094,-87.72000122070312
Public Rack - Champlain Ave & 134th St,41.65740966796875,-87.60670471191406
Public Rack - Champlain Ave & 65th St,41.779998779296875,-87.61000061035156
Public Rack - Chappel Ave & 71st St,41.76626205444336,-87.58000183105469
Public Rack - Chase Ave & Touhy Ave - NE,42.0099983215332,-87.69000244140625
Public Rack - Chase Ave & Touhy Ave - NW,42.0099983215332,-87.69000244140625
Public Rack - Chopin Park,41.939998626708984,-87.76000213623047
Public Rack - Christiana & Lincoln,41.9900016784668,-87.71269226074219
Public Rack - Christiana Ave & 55th St,41.790000915527344,-87.70999908447266
Public Rack - Christiana Ave & Archer Ave,41.810001373291016,-87.70999908447266
Public Rack - Christiana Ave & Belmont Ave,41.939998626708984,-87.70999908447266
Public Rack - Christiana Ave & Bryn Mawr Ave,41.97999954223633,-87.70999908447266
Public Rack - Christiana Ave & Lawrence Ave,41.970001220703125,-87.70999908447266
Public Rack - Cicero & 64th,41.77642822265625,-87.7425308227539
Public Rack - Cicero & Rosemont,41.99567413330078,-87.74856567382812
Public Rack - Cicero Ave & Altgeld St,41.93000030517578,-87.75
Public Rack - Cicero Ave & Belle Plaine Ave,41.955623626708984,-87.74752044677734
Public Rack - Cicero Ave & Cortland St - midblock,41.91999816894531,-87.75
Public Rack - Cicero Ave & Le Moyne St - midblock,41.90999984741211,-87.75
Public Rack - Cicero Ave & North Ave,41.90999984741211,-87.75
Public Rack - Cicero Ave & Roscoe St,41.939998626708984,-87.75
Public Rack - Cicero Ave & Wellington Ave,41.939998626708984,-87.75
Public Rack - Cicero Ave & Wrightwood Ave,41.93000030517578,-87.75
Public Rack - Claremont Ave & 71st St,41.7599983215332,-87.68000030517578
Public Rack - Clyde Ave & 87th St,41.73714828491211,-87.57318878173828
Public Rack - Colfax Ave & 83rd St,41.7400016784668,-87.55999755859375
Public Rack - Columbus & 79th,41.74924087524414,-87.70438385009766
Public Rack - Commercial Ave & 89th St,41.72999954223633,-87.55000305175781
Public Rack - Corliss Ave & 103rd St,41.70762252807617,-87.60355377197266
Public Rack - Cornell Ave & 87th Pl,41.7400016784668,-87.58000183105469
Public Rack - Cottage Grove & 84th St,41.74195861816406,-87.6048355102539
Public Rack - Cottage Grove & 85th St,41.7400016784668,-87.5999984741211
Public Rack - Cottage Grove & 86th St,41.738407135009766,-87.60482025146484
Public Rack - Cottage Grove Ave & 111th St,41.69264602661133,-87.60975646972656
Public Rack - Cottage Grove Ave & 75th St,41.75873947143555,-87.61000061035156
Public Rack - Cottage Grove Ave & 87th St,41.7400016784668,-87.61000061035156
Public Rack - Cottage Grove Ave & 89th Pl,41.73176574707031,-87.60489654541016
Public Rack - Cottage Grove Ave & 91st St,41.729461669921875,-87.60380554199219
Public Rack - Cottage Grove Ave & 92nd St,41.727317810058594,-87.60478973388672
Public Rack - Cottage Grove Ave & 98th St,41.720001220703125,-87.5999984741211
Public Rack - Crandon Ave & 80th St,41.74943923950195,-87.56883239746094
Public Rack - Cumberland & Catherine,41.97736358642578,-87.83674621582031
Public Rack - Damen & 81st,41.75,-87.66999816894531
Public Rack - Damen & 87th,41.735984802246094,-87.6727066040039
Public Rack - Damen Ave & 47th St,41.80888366699219,-87.67513275146484
Public Rack - Damen Ave & 80th St,41.7483024597168,-87.67321014404297
Public Rack - Damen Ave & 84th St,41.74026107788086,-87.67324829101562
Public Rack - Delphina & Foster,41.97359848022461,-87.84109497070312
Public Rack - Devon Ave & Central Ave,41.9974365234375,-87.76417541503906
Public Rack - Devon Ave & Kinzua Ave,41.99739456176758,-87.76463317871094
Public Rack - Devon Ave & Minnehaha Ave (east),41.997432708740234,-87.76283264160156
Public Rack - Division St & Christiana Ave,41.900001525878906,-87.70999908447266
Public Rack - Drake Ave & Leland Ave,41.96598434448242,-87.71687316894531
Public Rack - East End Ave & 75th St,41.7599983215332,-87.58000183105469
Public Rack - East End Ave & 87th St,41.7400016784668,-87.58000183105469
Public Rack - Eberhart Ave & 61st St,41.779998779296875,-87.61000061035156
Public Rack - Eggleston Ave & 115th St,41.689998626708984,-87.62999725341797
Public Rack - Eggleston Ave & 92nd St,41.72618103027344,-87.63465881347656
Public Rack - Eli Whitney Public School,41.84000015258789,-87.7300033569336
Public Rack - Elizabeth St & 115th St,41.684940338134766,-87.65265655517578
Public Rack - Ellis Ave & 132nd Pl,41.6551399230957,-87.59759521484375
Public Rack - Elston Ave & Gunnison St,41.96857833862305,-87.74057006835938
Public Rack - Elston Ave & Kenneth Ave,41.96761703491211,-87.73957061767578
Public Rack - Emerald Ave & 43rd St,41.8162727355957,-87.64459228515625
Public Rack - Emerald Ave & 45th St,41.812381744384766,-87.6446304321289
Public Rack - Evans Ave & 63rd St,41.7805061340332,-87.6075210571289
Public Rack - Ewing Ave & 101st St,41.71173095703125,-87.5350570678711
Public Rack - Ewing Ave & 102nd St,41.70989227294922,-87.53518676757812
Public Rack - Ewing Ave & 105th St,41.70419692993164,-87.53584289550781
Public Rack - Ewing Ave & 106th St,41.7023811340332,-87.54000091552734
Public Rack - Ewing Ave & 106th St NW,41.70000076293945,-87.54000091552734
Public Rack - Ewing Ave & 107th St,41.70000076293945,-87.54000091552734
Public Rack - Ewing Ave & 95th St,41.720001220703125,-87.54000091552734
Public Rack - Ewing Ave & 96th St N,41.72159957885742,-87.53556060791016
Public Rack - Ewing Ave & 96th St S,41.720001220703125,-87.54000091552734
Public Rack - Ewing Ave & 99th St,41.715919494628906,-87.54000091552734
Public Rack - Ewing Ave & Indianapolis Ave,41.71235275268555,-87.53545379638672
Public Rack - Exchange Ave & 73rd Pl,41.7599983215332,-87.55999755859375
Public Rack - Fairfield Ave & 63rd St,41.779998779296875,-87.69000244140625
Public Rack - Ford City Mall,41.75715255737305,-87.741455078125
Public Rack - Forest Glen & Peterson,41.98986053466797,-87.742919921875
Public Rack - Forest Glen Station ,41.97871017456055,-87.75552368164062
Public Rack - Forrestville Ave & 47th St,41.80931854248047,-87.61292266845703
Public Rack - Foster Ave & Drake Ave,41.9755744934082,-87.71778106689453
Public Rack - Francisco Ave & Touhy Ave,42.0099983215332,-87.69999694824219
Public Rack - Fullerton Ave & Lavergne Ave,41.91999816894531,-87.75
Public Rack - Fullerton Ave & Narragansett Ave,41.91999816894531,-87.79000091552734
Public Rack - Garfield Park Conservatory,41.88656234741211,-87.71673583984375
Public Rack - Grand Ave & Lawndale Ave,41.900001525878906,-87.72000122070312
Public Rack - Grand Ave & North Ave,41.90999984741211,-87.73999786376953
Public Rack - Green St & 103rd St,41.70664978027344,-87.64342498779297
Public Rack - Greenwood Ave & Lake Park Ave,41.81999969482422,-87.5999984741211
Public Rack - Haft Ave & Milwaukee Ave,41.99557876586914,-87.7863998413086
Public Rack - Hale Ave & 111th St,41.691932678222656,-87.67168426513672
Public Rack - Halsted St & 102nd St,41.70793914794922,-87.64317321777344
Public Rack - Halsted St & 109th St,41.695655822753906,-87.64280700683594
Public Rack - Halsted St & 111th St,41.691856384277344,-87.64249420166016
Public Rack - Halsted St & 113th St,41.68851089477539,-87.64250946044922
Public Rack - Halsted St & 41st St,41.819889068603516,-87.6500015258789
Public Rack - Halsted St & 63rd St,41.779945373535156,-87.6413803100586
Public Rack - Halsted St & 64th St,41.777435302734375,-87.64453125
Public Rack - Halsted St & 76th St,41.7599983215332,-87.63999938964844
Public Rack - Halsted St & 77th St,41.75374221801758,-87.64403533935547
Public Rack - Halsted St & 80th St,41.74817657470703,-87.64424133300781
Public Rack - Halsted St & 94th St,41.72344207763672,-87.64361572265625
Public Rack - Halsted St & 95th St - SE,41.720001220703125,-87.63999938964844
Public Rack - Halsted St & 95th St - SW,41.720001220703125,-87.64334869384766
Public Rack - Hamilton Ave & 95th St,41.720001220703125,-87.68000030517578
Public Rack - Hamilton Park,41.76331329345703,-87.6377944946289
Public Rack - Hamlin Ave & Chicago Ave,41.900001525878906,-87.72000122070312
Public Rack - Hamlin Ave & Fullerton Ave,41.91999816894531,-87.72000122070312
Public Rack - Hamlin Ave & Grand Ave,41.900001525878906,-87.72000122070312
Public Rack - Hamlin Ave & Madison St,41.880001068115234,-87.72000122070312
Public Rack - Hamlin Ave & Montrose Ave,41.959999084472656,-87.72000122070312
Public Rack - Harding Ave & 47th St,41.80767822265625,-87.72285461425781
Public Rack - Harlem & Palatine,41.995487213134766,-87.80705261230469
Public Rack - Harlem & Summerdale,41.97999954223633,-87.80999755859375
Public Rack - Harlem and W. 59th,41.78489685058594,-87.80146026611328
Public Rack - Harold Washington Park,41.79999923706055,-87.58000183105469
Public Rack - Harper Ave & 63rd St,41.78072738647461,-87.58790588378906
Public Rack - Harriet E Sayre Public School,41.91354751586914,-87.79875946044922
Public Rack - Harvard Ave & 119th St,41.68000030517578,-87.62999725341797
Public Rack - Harvey Ave & North Ave,41.90999984741211,-87.77999877929688
Public Rack - Hermitage & 83rd St,41.7400016784668,-87.66999816894531
Public Rack - Hiawatha & Mendota,42.006988525390625,-87.77800750732422
Public Rack - Hiawatha Ave & Minnehaha Ave,41.9995231628418,-87.76049041748047
Public Rack - Hiawatha Park,41.939998626708984,-87.83000183105469
Public Rack - Higgins Ave & Neva Ave,41.97999954223633,-87.80999755859375
Public Rack - Holbrook St & Milwaukee Ave,41.992271423339844,-87.7833023071289
Public Rack - Hollywood Park,41.989288330078125,-87.71182250976562
Public Rack - Homan & 77th,41.75345993041992,-87.70696258544922
Public Rack - Homan & 79th,41.75,-87.70999908447266
Public Rack - Homan Ave & 26th St,41.84000015258789,-87.70999908447266
Public Rack - Homan Ave & 62nd Pl,41.779666900634766,-87.70999908447266
Public Rack - Homan Ave & Lake St,41.880001068115234,-87.71116638183594
Public Rack - Homan Ave & Roosevelt,41.869998931884766,-87.70999908447266
Public Rack - Homewood Ave & Monterey Ave,41.69169235229492,-87.67015838623047
Public Rack - Horner & 85th,41.73930358886719,-87.66999816894531
Public Rack - Houston Ave & 130th St,41.65896224975586,-87.54853057861328
Public Rack - Houston Ave & 131st St,41.65999984741211,-87.55000305175781
Public Rack - Houston Ave & 91st St,41.72996520996094,-87.55000305175781
Public Rack - Hoyne Ave & 110th Pl,41.689998626708984,-87.66999816894531
Public Rack - Hoyne Ave & 51st St,41.79999923706055,-87.68000030517578
Public Rack - Hyde Park Blvd & 53rd St,41.799468994140625,-87.5842056274414
Public Rack - Hyde Park Blvd & 55th St,41.79499816894531,-87.58411407470703
Public Rack - Imlay & Milwaukee,41.99898147583008,-87.78956604003906
Public Rack - Independence Blvd & Roosevelt,41.869998931884766,-87.72000122070312
Public Rack - Indiana Ave & 111th St,41.692535400390625,-87.61771392822266
Public Rack - Ingleside Ave & 79th St,41.751155853271484,-87.60115051269531
Public Rack - Irving Park Rd & Austin Ave,41.953025817871094,-87.77711486816406
Public Rack - Irving Park Rd & Leclaire Ave,41.95341873168945,-87.75484466552734
Public Rack - Irving Park Rd & Melvina Ave,41.9528694152832,-87.78073120117188
Public Rack - Irving Park Rd & Menard Ave,41.95321273803711,-87.77222442626953
Public Rack - Irving Park Rd & Parkside Ave,41.95305252075195,-87.68883514404297
Public Rack - James Madison School,41.7598762512207,-87.59063720703125
Public Rack - Jeffery Blvd & 67th St,41.773258209228516,-87.57666778564453
Public Rack - Jeffery Blvd & 81st St,41.75,-87.56999969482422
Public Rack - Jeffery Blvd & 83rd St,41.7400016784668,-87.57504272460938
Public Rack - Jeffrey Blvd & 71st St,41.766334533691406,-87.57615661621094
Public Rack - Jensen Park,41.959999084472656,-87.72000122070312
Public Rack - Jonathan Y Scammon Public School,41.939998626708984,-87.7300033569336
Public Rack - Justine St & 87th St,41.736019134521484,-87.66242980957031
Public Rack - Karlov Ave & 26th St,41.84000015258789,-87.7300033569336
Public Rack - Karlov Ave & Kamerling Ave,41.90999984741211,-87.7300033569336
Public Rack - Karlov Ave & Lawrence Ave,41.96830368041992,-87.73006439208984
Public Rack - Karlov Ave & Milwaukee Ave,41.939998626708984,-87.7300033569336
Public Rack - Keating & Peterson,41.99015808105469,-87.74718475341797
Public Rack - Kedvale Ave & 26th St,41.84000015258789,-87.7300033569336
Public Rack - Kedvale Ave & 63rd St,41.779998779296875,-87.7300033569336
Public Rack - Kedvale Ave & 63rd St E,41.77876663208008,-87.72595977783203
Public Rack - Kedvale Ave & 63rd St W,41.77876281738281,-87.72689056396484
Public Rack - Kedvale Ave & Addison St,41.95000076293945,-87.7300033569336
Public Rack - Kedvale Ave & Avondale Ave,41.95000076293945,-87.7300033569336
Public Rack - Kedvale Ave & Peterson Ave,41.99021530151367,-87.73230743408203
Public Rack - Kedzie & 103rd St - East,41.709999084472656,-87.69999694824219
Public Rack - Kedzie & 103rd St - W,41.70494842529297,-87.70142364501953
Public Rack - Kedzie & 71st,41.7642707824707,-87.70305633544922
Public Rack - Kedzie & 73rd,41.76067352294922,-87.70243835449219
Public Rack - Kedzie Ave & 54th Pl,41.79454040527344,-87.70376586914062
Public Rack - Kedzie Ave & 54th St - SE,41.790000915527344,-87.69999694824219
Public Rack - Kedzie Ave & 54th St - SW,41.79999923706055,-87.69999694824219
Public Rack - Kedzie Ave & 58th St,41.78826141357422,-87.70357513427734
Public Rack - Kedzie Ave & 60th St,41.784889221191406,-87.70320892333984
Public Rack - Kedzie Ave & 61st Pl,41.779998779296875,-87.69999694824219
Public Rack - Kedzie Ave & 61st Pl E,41.779998779296875,-87.69999694824219
Public Rack - Kedzie Ave & 61st Pl W,41.779998779296875,-87.69999694824219
Public Rack - Kedzie Ave & 62nd Pl,41.779998779296875,-87.69999694824219
Public Rack - Kedzie Ave & 63rd St,41.778865814208984,-87.7030258178711
Public Rack - Kedzie Ave & 64th St - SE,41.77698516845703,-87.70291900634766
Public Rack - Kedzie Ave & 64th St - SW,41.77703094482422,-87.7032241821289
Public Rack - Kedzie Ave & 83rd St,41.7400016784668,-87.70233917236328
Public Rack - Kedzie Ave & Archer Ave,41.810001373291016,-87.69999694824219
Public Rack - Kedzie Ave & Argyle St,41.970001220703125,-87.70999908447266
Public Rack - Kedzie Ave & Arthington St,41.86992263793945,-87.70640563964844
Public Rack - Kedzie Ave & Chicago Ave,41.89556121826172,-87.70641326904297
Public Rack - Kedzie Ave & Pershing Rd,41.8228759765625,-87.70438385009766
Public Rack - Kedzie Ave & Walnut St,41.885929107666016,-87.70999908447266
Public Rack - Kedzie Ave &amp; 62nd Pl,41.779998779296875,-87.69999694824219
Public Rack - Keef Ave & South Chicago Ave,41.77000045776367,-87.61174011230469
Public Rack - Keeler Ave & 26th St,41.84410095214844,-87.7300033569336
Public Rack - Keeler Ave & 55th St,41.79308319091797,-87.72834777832031
Public Rack - Keeler Ave & Madison St S,41.880531311035156,-87.73106384277344
Public Rack - Kenneth & Carmen,41.97264099121094,-87.73924255371094
Public Rack - Kenneth Ave & 63rd St E,41.779998779296875,-87.7300033569336
Public Rack - Kenneth Ave & 63rd St W,41.7784538269043,-87.73436737060547
Public Rack - Kenton & Lawrence,41.96799087524414,-87.74304962158203
Public Rack - Kenton Ave & Palmer St,41.91999816894531,-87.73999786376953
Public Rack - Keystone Ave & Irving Park Rd,41.95000076293945,-87.7300033569336
Public Rack - Keystone Ave & North Ave,41.90999984741211,-87.7300033569336
Public Rack - Kilbourn Ave & Fullerton Ave,41.91999816894531,-87.73999786376953
Public Rack - Kildare Ave & 63rd St,41.779998779296875,-87.7300033569336
Public Rack - Kildare Ave & Division Ave,41.90240478515625,-87.73269653320312
Public Rack - Kildare Ave & Division St,41.900001525878906,-87.7300033569336
Public Rack - Kildare Ave & North Ave,41.90999984741211,-87.7300033569336
Public Rack - Kildare Ave & Washignton Blvd,41.881839752197266,-87.73365783691406
Public Rack - Kilpatrick & Elston,41.97002410888672,-87.743408203125
Public Rack - Kimball & Ardmore,41.987022399902344,-87.7139663696289
Public Rack - Kimball Ave & Carmen Ave,41.970001220703125,-87.70999908447266
Public Rack - Kimball Ave & Lawrence Ave,41.96791076660156,-87.71343231201172
Public Rack - Kimbark Ave & 63rd St,41.78062057495117,-87.5945053100586
Public Rack - Kimbark Ave & 67th St,41.77000045776367,-87.58999633789062
Public Rack - King Dr & 115th St,41.689998626708984,-87.61000061035156
Public Rack - King Dr & 71st St,41.77000045776367,-87.62000274658203
Public Rack - King Dr & 83rd St,41.7400016784668,-87.6145248413086
Public Rack - King Dr & Oakwood Blvd,41.81999969482422,-87.62000274658203
Public Rack - Kingston Ave & 75th St,41.7599983215332,-87.55999755859375
Public Rack - Kinzua Ave & Devon Ave,41.997920989990234,-87.76537322998047
Public Rack - Kolin Ave & Archer Ave,41.79999923706055,-87.7300033569336
Public Rack - Komensky Ave & 26th St,41.84000015258789,-87.7300033569336
Public Rack - Komensky Ave & 31st St,41.84000015258789,-87.7300033569336
Public Rack - Komensky Ave & 59th St,41.786048889160156,-87.72364807128906
Public Rack - Komensky Ave & 63rd St,41.779998779296875,-87.72000122070312
Public Rack - Kostner & 83rd,41.7400016784668,-87.7300033569336
Public Rack - Kostner & Bryn Mawr,41.98274230957031,-87.737548828125
Public Rack - Kostner & Peterson,41.98992919921875,-87.73799896240234
Public Rack - Kostner Ave & 16th St,41.858802795410156,-87.73429870605469
Public Rack - Kostner Ave & Armitage Ave,41.91999816894531,-87.73999786376953
Public Rack - Kostner Ave & Diversey Ave,41.93000030517578,-87.73999786376953
Public Rack - Kostner Ave & Lake St,41.88570785522461,-87.73542022705078
Public Rack - Kostner Ave & North Ave,41.90999984741211,-87.73999786376953
Public Rack - Kostner Ave & Wrightwood Ave,41.93000030517578,-87.73999786376953
Public Rack - La Moyne Ave and Leamington Ave,41.906864166259766,-87.75444793701172
Public Rack - Lafayette Ave & 119th St,41.677852630615234,-87.62344360351562
Public Rack - Lafayette Ave & 87th St - NW,41.7400016784668,-87.62999725341797
Public Rack - Lafayette Ave & 87th St SW,41.73622131347656,-87.62999725341797
Public Rack - Lafayette Ave & 95th St,41.720001220703125,-87.62493896484375
Public Rack - Laflin St & 51st St,41.79999923706055,-87.66207885742188
Public Rack - Laflin St & 79th St,41.75032424926758,-87.66168212890625
Public Rack - Laflin St &51st ST,41.801353454589844,-87.66207885742188
Public Rack - Lake Park Ave & 44th St,41.814571380615234,-87.59811401367188
Public Rack - Lake Park Ave & 47th St,41.809513092041016,-87.59217834472656
Public Rack - Lake Shore Dr & Hayes Dr,41.779998779296875,-87.56999969482422
Public Rack - Lamon Ave & Archer Ave,41.798274993896484,-87.74488067626953
Public Rack - Lamon Ave & Erie St,41.88999938964844,-87.75
Public Rack - Langley Ave & 105th Pl,41.70247268676758,-87.60647583007812
Public Rack - Langley Ave & 49th St,41.80521774291992,-87.60907745361328
Public Rack - Langley Ave & 79th St,41.751102447509766,-87.60742950439453
Public Rack - Langley Ave & 87th St,41.7400016784668,-87.61000061035156
Public Rack - Langley Ave & Oakwood Blvd,41.822837829589844,-87.60952758789062
Public Rack - Laporte Ave & Armitage Ave,41.91999816894531,-87.75
Public Rack - Laramie Ave & Belmont Ave,41.939998626708984,-87.76000213623047
Public Rack - Laramie Ave & Fullerton Ave,41.91999816894531,-87.76000213623047
Public Rack - Laramie Ave & Grand Ave,41.91999816894531,-87.76000213623047
Public Rack - Laramie Ave & Warwick Ave,41.94881057739258,-87.76000213623047
Public Rack - Laramine Ave & Winnemac Ave,41.971797943115234,-87.75757598876953
Public Rack - Latrobe Ave & Lake St,41.887081146240234,-87.76000213623047
Public Rack - Lavergne & Lawrence,41.96790313720703,-87.75250244140625
Public Rack - Lavergne Ave & Belle Plaine Ave,41.95530700683594,-87.75178527832031
Public Rack - Lawndale & 63rd St,41.779998779296875,-87.70999908447266
Public Rack - Lawndale Ave & 23rd St,41.849998474121094,-87.72000122070312
Public Rack - Lawndale Ave & 63rd St,41.779998779296875,-87.70999908447266
Public Rack - Lawndale Ave & Diversey Ave,41.93000030517578,-87.72000122070312
Public Rack - Lawndale Ave & Polk St,41.869998931884766,-87.72000122070312
Public Rack - Lawndale Ave & Roosevelt,41.86622619628906,-87.7179183959961
Public Rack - Lawrence Ave & Kimball Ave,41.96827697753906,-87.71263122558594
Public Rack - Leader & Caldwell,41.99149703979492,-87.75450897216797
Public Rack - Leamington & Elston,41.9778938293457,-87.75631713867188
Public Rack - Leclaire Ave & Division St,41.900001525878906,-87.75
Public Rack - Legler Regional Library,41.880001068115234,-87.7300033569336
Public Rack - Leland Ave & Melvina Ave,41.9658317565918,-87.78221893310547
Public Rack - Lemont Ave & Keating Ave,41.991268157958984,-87.7469253540039
Public Rack - Leoti Ave & Central Ave (north),41.998260498046875,-87.76366424560547
Public Rack - Leoti Ave & Central Ave (south),42.0,-87.76000213623047
Public Rack - Linder & 51st,41.79999923706055,-87.76000213623047
Public Rack - Linder & Elston,41.983558654785156,-87.7657699584961
Public Rack - Linder Ave & 51st St,41.79924774169922,-87.75999450683594
Public Rack - Linder Ave & 64th Pl,41.77541732788086,-87.75810241699219
Public Rack - Linder Ave & Archer Ave,41.79600524902344,-87.75957489013672
Public Rack - Linder Ave & Belmont Ave,41.939998626708984,-87.76000213623047
Public Rack - Lockwood & Archer,41.79668045043945,-87.75515747070312
Public Rack - Lockwood Ave & Diversey Ave,41.93000030517578,-87.76000213623047
Public Rack - Longwood Dr & 111th St,41.689998626708984,-87.66999816894531
Public Rack - Longwood Dr & 95th St,41.72092056274414,-87.66958618164062
Public Rack - Loomis Blvd & 47th St,41.810001373291016,-87.66000366210938
Public Rack - Loomis Blvd & 83rd St,41.7400016784668,-87.66000366210938
Public Rack - Loomis St & 87th St,41.7400016784668,-87.66000366210938
Public Rack - Lorel Ave & Chicago Ave,41.8950309753418,-87.76000213623047
Public Rack - Lorel Ave & Grand Ave,41.91999816894531,-87.76000213623047
Public Rack - Lotus Ave & Harrison St,41.872806549072266,-87.76326751708984
Public Rack - Lotus Ave & Lawrence Ave,41.967655181884766,-87.76362609863281
Public Rack - Lowe Ave & 94th St,41.72423553466797,-87.63957214355469
Public Rack - Lowe Ave & 98th St,41.715885162353516,-87.63922882080078
Public Rack - Lowe Park,41.79960632324219,-87.64146423339844
Public Rack - Lowell Ave & Elston Ave,41.970001220703125,-87.73999786376953
Public Rack - Lynch & Elston,41.98093032836914,-87.76129913330078
Public Rack - Mackinaw Ave & 106th St,41.702239990234375,-87.542724609375
Public Rack - Mackinaw Ave & 108th St,41.698848724365234,-87.54300689697266
Public Rack - Mackinaw Ave & 85th St,41.74189758300781,-87.54315948486328
Public Rack - Mango & Higgins,41.97172164916992,-87.77228546142578
Public Rack - Maplewood Ave & 47th St,41.810001373291016,-87.69000244140625
Public Rack - Maplewood Ave & 63rd St,41.77912902832031,-87.69000244140625
Public Rack - Marquette Ave & 79th St,41.751686096191406,-87.55880737304688
Public Rack - Marquette Ave & 83rd St,41.74462890625,-87.55858612060547
Public Rack - Marquette Rd & 67th St,41.77000045776367,-87.61000061035156
Public Rack - Marshfield Ave & 45th St,41.812339782714844,-87.6662368774414
Public Rack - Marshfield Ave & 87th St,41.7400016784668,-87.66000366210938
Public Rack - Martin Luther King Dr & 44th St,41.81444549560547,-87.61642456054688
Public Rack - Martin Luther King Dr & 69th St,41.76921463012695,-87.62000274658203
Public Rack - Mason & Archer,41.790000915527344,-87.7699966430664
Public Rack - Mason Ave & Archer Ave,41.7942008972168,-87.7713851928711
Public Rack - Mason Ave & Milwaukee Ave,41.98568344116211,-87.77706146240234
Public Rack - Mason Ave & Roosevelt Rd,41.865509033203125,-87.7724609375
Public Rack - May St & 63rd St,41.77967071533203,-87.65313720703125
Public Rack - May St & 78th St,41.75,-87.65296936035156
Public Rack - May St & 87th St,41.735713958740234,-87.65181732177734
Public Rack - McCormick Blvd & Devon Ave,42.0,-87.70999908447266
Public Rack - McVicker & 52nd,41.797996520996094,-87.77310943603516
Public Rack - McVicker Ave & Grand Ave,41.91999816894531,-87.77999877929688
Public Rack - Meade Ave & Archer Ave,41.794036865234375,-87.77407836914062
Public Rack - Melvina & Foster,41.9755973815918,-87.78348541259766
Public Rack - Melvina Ave & Belmont Ave,41.939998626708984,-87.77999877929688
Public Rack - Melvina Ave & Montrose Ave,41.9588508605957,-87.78202056884766
Public Rack - Menard Ave & Adams Blvd,41.877593994140625,-87.7699966430664
Public Rack - Menard Ave & Agusta Blvd,41.89833450317383,-87.77050018310547
Public Rack - Menard Ave & Belmont Ave,41.938453674316406,-87.77110290527344
Public Rack - Menard Ave & Dakin St - midblock,41.95000076293945,-87.7699966430664
Public Rack - Menard Ave & Grand Ave,41.91999816894531,-87.7699966430664
Public Rack - Menard Ave & Leland Ave,41.96563720703125,-87.7723617553711
Public Rack - Menard Ave & Madison St,41.880001068115234,-87.7699966430664
Public Rack - Miami Ave & Milwaukee Ave,41.99147415161133,-87.7820816040039
Public Rack - Michele Clark Magnet High School,41.87284851074219,-87.75343322753906
Public Rack - Michigan Ave & 102nd St,41.70830154418945,-87.61984252929688
Public Rack - Michigan Ave & 107th St,41.70000076293945,-87.62103271484375
Public Rack - Michigan Ave & 110th St,41.6942253112793,-87.62076568603516
Public Rack - Michigan Ave & 113th St,41.689998626708984,-87.62000274658203
Public Rack - Michigan Ave & 119th St,41.67793273925781,-87.6207504272461
Public Rack - Michigan Ave & 125th Pl,41.6663932800293,-87.61993408203125
Public Rack - Michigan Ave & 67th St,41.7718620300293,-87.62179565429688
Public Rack - Michigan Ave & 96th St,41.720001220703125,-87.62000274658203
Public Rack - Midway Orange Line,41.790000915527344,-87.73999786376953
Public Rack - Milwaukee Ave & Addison St,41.95000076293945,-87.73999786376953
Public Rack - Milwaukee Ave & Catalpa Ave,41.977230072021484,-87.76897430419922
Public Rack - Milwaukee Ave & Culyer Ave,41.954681396484375,-87.74942016601562
Public Rack - Milwaukee Ave & Diversey Ave,41.93000030517578,-87.70999908447266
Public Rack - Milwaukee Ave & Haussen Ct,41.939998626708984,-87.72000122070312
Public Rack - Milwaukee Ave & Higgins Ave,41.968597412109375,-87.7612075805664
Public Rack - Milwaukee Ave & Kennedy Expy,41.97127151489258,-87.76388549804688
Public Rack - Milwaukee Ave & Lawrence Ave,41.967384338378906,-87.76016998291016
Public Rack - Milwaukee Ave & Leland Ave,41.96611404418945,-87.75933837890625
Public Rack - Milwaukee Ave & Pensacola Ave,41.959510803222656,-87.7533950805664
Public Rack - Milwaukee Ave & School St,41.939998626708984,-87.7300033569336
Public Rack - Milwaukee Ave & Sunnyside Ave,41.962520599365234,-87.75606536865234
Public Rack - Milwaukee Ave & Warner Ave,41.956260681152344,-87.75076293945312
Public Rack - Milwaukee Ave & Waveland Ave,41.94771194458008,-87.73999786376953
Public Rack - Minnehaha Ave & Devon Ave,41.997413635253906,-87.76190948486328
Public Rack - Minuteman Park,41.78533172607422,-87.76260375976562
Public Rack - Mobile Ave & Archer Ave,41.79290008544922,-87.78024291992188
Public Rack - Mont Clare Ave & Higgins Ave,41.9806022644043,-87.80496215820312
Public Rack - Monticello & Lawrence,41.96820068359375,-87.71954345703125
Public Rack - Monticello Ave & Belmont Ave,41.939998626708984,-87.72000122070312
Public Rack - Montrose Ave & Lavergne Ave,41.96060562133789,-87.75163269042969
Public Rack - Morgan St & 103rd St,41.70665740966797,-87.64747619628906
Public Rack - Morgan St & 95th St,41.720001220703125,-87.6500015258789
Public Rack - Mozart Elementary School,41.91999816894531,-87.72000122070312
Public Rack - Mt Greenwood Library - South,41.69268035888672,-87.7010498046875
Public Rack - Mt Greenwood Library N,41.689998626708984,-87.69999694824219
Public Rack - Mulligan & Northwest Hwy,41.98531723022461,-87.7867202758789
Public Rack - Mulligan Ave & 56th St,41.79050064086914,-87.7800521850586
Public Rack - Muskegon Ave & 89th St,41.7330436706543,-87.55564880371094
Public Rack - N Narragansett Ave & Grand Ave,41.91999816894531,-87.77999877929688
Public Rack - N Sayre Ave & W Belden Ave,41.921424865722656,-87.80082702636719
Public Rack - N. Oakview and W. Gregory St,41.980098724365234,-87.84396362304688
Public Rack - Nagel & Higgins,41.97631072998047,-87.78764343261719
Public Rack - Nagle Ave & Belmont Ave,41.939998626708984,-87.79000091552734
Public Rack - Narragansett Ave & Fullerton Ave,41.91999816894531,-87.77999877929688
Public Rack - Nashotah & Northwest Hwy,41.98814010620117,-87.79145050048828
Public Rack - Natoma Ave & 61st St,41.78093719482422,-87.78764343261719
Public Rack - Natoma Ave & Bryn Mawr Ave,41.982887268066406,-87.79045867919922
Public Rack - Neenah & Archer,41.792110443115234,-87.78540802001953
Public Rack - Neenah & Dakin,41.951656341552734,-87.79065704345703
Public Rack - Neola & Northwest Hwy,41.990291595458984,-87.7953872680664
Public Rack - Neva & Foster,41.970001220703125,-87.80598449707031
Public Rack - Neva Ave & Grand Ave,41.91999816894531,-87.80000305175781
Public Rack - New England Ave & Grace St,41.949249267578125,-87.7984619140625
Public Rack - Newcastle & Archer,41.79230880737305,-87.79315948486328
Public Rack - Newcastle Ave & Belden Ave,41.91999816894531,-87.80000305175781
Public Rack - Newcastle Ave & Belmont Ave,41.939998626708984,-87.80000305175781
Public Rack - Newcastle Ave & Wellington Ave,41.934818267822266,-87.79586029052734
Public Rack - Newland Ave & Diversey Ave,41.930877685546875,-87.79949188232422
Public Rack - Nina Ave & Avondale Ave,41.991146087646484,-87.79910278320312
Public Rack - Nordica & Archer,41.792213439941406,-87.79766082763672
Public Rack - Nordica Ave & Addison St,41.95000076293945,-87.80000305175781
Public Rack - Nordica Ave & Higgins Ave,41.97996139526367,-87.8021240234375
Public Rack - Normal Ave & 111th St,41.689998626708984,-87.63999938964844
Public Rack - Normal Ave & 72nd St,41.7634391784668,-87.63717651367188
Public Rack - Normal Blvd & 61st Pl,41.7821044921875,-87.63746643066406
Public Rack - Normandy Ave & Archer Ave,41.79233169555664,-87.79000091552734
Public Rack - Normandy Ave & Raven St,41.9937629699707,-87.79253387451172
Public Rack - Northwest Hwy & Bryn Mawr,41.983009338378906,-87.78263092041016
Public Rack - Northwest Hwy & Highland Ave,41.99586868286133,-87.80522155761719
Public Rack - Northwest Hwy & Neva Ave,41.995853424072266,-87.80509948730469
Public Rack - Northwest Hwy & Raven St,41.99277877807617,-87.79967498779297
Public Rack - Norwood Park,41.98655700683594,-87.7940444946289
Public Rack - Norwood Park Station ,41.99190139770508,-87.79915618896484
Public Rack - Oak Park & Higgins,41.978919982910156,-87.79623413085938
Public Rack - Oak Park Ave & Foster Ave,41.97460174560547,-87.81195831298828
Public Rack - Oakley & 79th Pl,41.749271392822266,-87.67935180664062
Public Rack - Oakley Ave & 50th Pl,41.79999923706055,-87.68090057373047
Public Rack - Octavia Ave & Touhy Ave,42.01173782348633,-87.80831909179688
Public Rack - Odell & Talcott,41.987308502197266,-87.81022644042969
Public Rack - Oglesby Ave & 105th St,41.704673767089844,-87.56568145751953
Public Rack - Oglesby Ave & 95th St,41.72248458862305,-87.56573486328125
Public Rack - Oketo & Northwest Hwy,42.0,-87.81244659423828
Public Rack - Oketo & Talcott,41.98859786987305,-87.8125228881836
Public Rack - Oketo Ave & Belmont Ave,41.939998626708984,-87.80999755859375
Public Rack - Olmstead Ave & Oliphant Ave,42.00231170654297,-87.81709289550781
Public Rack - Osceola Ave & Touhy Ave,42.0099983215332,-87.81263732910156
Public Rack - Ottowa Ave & Touhy Ave,42.01149368286133,-87.81819915771484
Public Rack - Overhill Ave & Touhy Ave,42.01145935058594,-87.819091796875
Public Rack - Ozanam Ave & Devon Ave,41.99699401855469,-87.82140350341797
Public Rack - Ozark Ave & Addison St,41.94507598876953,-87.82003784179688
Public Rack - Ozman & Talcott,41.99300765991211,-87.82161712646484
Public Rack - Panama Ave & Forest Preserve Ave,41.939998626708984,-87.83000183105469
Public Rack - Parkside & 63rd,41.779998779296875,-87.76000213623047
Public Rack - Parkside & Archer,41.79569625854492,-87.76347351074219
Public Rack - Parkside & Elston,41.98546600341797,-87.76958465576172
Public Rack - Parnell Ave & 103rd St,41.70686721801758,-87.63999938964844
Public Rack - Parnell Ave & 98th St,41.716087341308594,-87.63729858398438
Public Rack - Paul Revere Elementary School,41.764225006103516,-87.60016632080078
Public Rack - Paxton Ave & 79th St,41.751678466796875,-87.5704574584961
Public Rack - Penn Elementary School / KIPP Ascend Middle School,41.86000061035156,-87.72000122070312
Public Rack - Peoria St & 60th St,41.78501510620117,-87.6500015258789
Public Rack - Percy Julian HS,41.709999084472656,-87.6500015258789
Public Rack - Perry Ave & 108th Pl,41.69696807861328,-87.62999725341797
Public Rack - Perry Ave & 111th St,41.689998626708984,-87.62999725341797
Public Rack - Peterson Ave & Bernard Ave,41.9900016784668,-87.72000122070312
Public Rack - Peterson Ave & Drake Ave,41.99011993408203,-87.71733856201172
Public Rack - Peterson Ave & Milwaukee Ave,41.98982620239258,-87.78092956542969
Public Rack - Peterson Park,41.97871017456055,-87.75552368164062
Public Rack - Piotrowski Park,41.8366813659668,-87.73090362548828
Public Rack - Pittsburgh Ave & Irving Park,41.95000076293945,-87.83000183105469
Public Rack - Plainfield Ave & Irving Park Rd,41.95213317871094,-87.83381652832031
Public Rack - Prairie Ave & 47th St ,41.80949783325195,-87.6189956665039
Public Rack - Prairie Ave & 78th St,41.75214385986328,-87.6181869506836
Public Rack - Prairie Ave & 85th St,41.74017333984375,-87.61768341064453
Public Rack - Prairie Ave & Garfield Blvd,41.790000915527344,-87.62000274658203
Public Rack - Prairie Ave & Garfield Blvd N,41.79480743408203,-87.61890411376953
Public Rack - Prairie Ave & Garfield Blvd S,41.79439926147461,-87.61898803710938
Public Rack - Pratt Ave & Odell Ave,42.00441360473633,-87.81105041503906
Public Rack - Princeton Ave & 43rd St,41.81556701660156,-87.6337661743164
Public Rack - Princeton Ave & 99th Pl,41.71331024169922,-87.63109588623047
Public Rack - Pulaski & 52nd,41.79999923706055,-87.72000122070312
Public Rack - Pulaski & 74th,41.75729751586914,-87.72232055664062
Public Rack - Pulaski & Ardmore,41.985591888427734,-87.72843170166016
Public Rack - Pulaski & Rosemont,41.99518966674805,-87.72898864746094
Public Rack - Pulaski Rd & 15th St,41.86000061035156,-87.7300033569336
Public Rack - Pulaski Rd & 40th St,41.81999969482422,-87.72000122070312
Public Rack - Pulaski Rd & 41st,41.81787872314453,-87.72413635253906
Public Rack - Pulaski Rd & 44th St,41.81290054321289,-87.72250366210938
Public Rack - Pulaski Rd & 51st Rd,41.79999923706055,-87.72000122070312
Public Rack - Pulaski Rd & 5th Ave,41.869998931884766,-87.7300033569336
Public Rack - Pulaski Rd & 65th St,41.77355194091797,-87.7228012084961
Public Rack - Pulaski Rd & 83rd St,41.74139404296875,-87.7218246459961
Public Rack - Pulaski Rd & Armitage Ave,41.91999816894531,-87.7300033569336
Public Rack - Pulaski Rd & Flournoy St,41.872493743896484,-87.7249526977539
Public Rack - Pulaski Rd & Fullerton Ave,41.91999816894531,-87.7300033569336
Public Rack - Pulaski Rd & Grenshaw St,41.869998931884766,-87.7300033569336
Public Rack - Pulaski Rd & Lake St,41.88999938964844,-87.7300033569336
Public Rack - Pulaski Rd & Polk St,41.870365142822266,-87.72525787353516
Public Rack - Pulaski Rd & Roosevelt Rd,41.869998931884766,-87.72000122070312
Public Rack - Pulaski Rd & Stevens Ave,41.99098205566406,-87.72894287109375
Public Rack - Pulaski Rd &amp; 65th St,41.77000045776367,-87.72000122070312
Public Rack - Pullman - Planet Fitness,41.70000076293945,-87.5999984741211
Public Rack - Pullman - Ross Dress for Less,41.69868087768555,-87.5999984741211
Public Rack - Pullman - Walmart,41.70000076293945,-87.5999984741211
Public Rack - Pullman Community Center,41.70000076293945,-87.58999633789062
Public Rack - Racine Ave & 109th Pl,41.689998626708984,-87.6500015258789
Public Rack - Racine Ave & 74th St,41.759437561035156,-87.65414428710938
Public Rack - Racine Ave & 76th,41.7599983215332,-87.6500015258789
Public Rack - Racine Ave & 83rd St,41.743263244628906,-87.6539535522461
Public Rack - Richard Daley College,41.754859924316406,-87.72364044189453
Public Rack - Richmond St & Thorndale Ave,41.988929748535156,-87.7027816772461
Public Rack - Robert Fulton Elementary School,41.79999923706055,-87.66999816894531
Public Rack - Rockwell & 111th St,41.689998626708984,-87.69000244140625
Public Rack - Rockwell & Division,41.9028205871582,-87.69239807128906
Public Rack - Rockwell Ave & 71st St,41.7599983215332,-87.69000244140625
Public Rack - Rockwell Ave & Touhy Ave ,42.0099983215332,-87.69999694824219
Public Rack - Roscoe St & Osceola Ave,41.939998626708984,-87.8133773803711
Public Rack - Roswell B. Mason Elementary School,41.86000061035156,-87.7300033569336
Public Rack - Rutherford & 53rd,41.79502868652344,-87.79055786132812
Public Rack - Rutherford Ave & Belmont Ave,41.939998626708984,-87.79000091552734
Public Rack - S Kostner Ave & W 18th Pl,41.85519027709961,-87.73455810546875
Public Rack - S Menard & W 63rd,41.779998779296875,-87.7699966430664
Public Rack - S. Kilpatrick and W. 79th,41.749298095703125,-87.7396469116211
Public Rack - S. New England/ W. 65th,41.77000045776367,-87.79349517822266
Public Rack - Sacramento & 71st,41.76439666748047,-87.69779968261719
Public Rack - Sacramento Ave & Devon Ave,42.0,-87.69999694824219
Public Rack - Sacramento Ave & Greenleaf Ave,42.0099983215332,-87.69999694824219
Public Rack - Sacramento Blvd & Division St,41.90999984741211,-87.69999694824219
Public Rack - Sacramento Blvd & Washington Blvd,41.88292694091797,-87.69993591308594
Public Rack - Saginaw Ave & 93rd St,41.72999954223633,-87.55999755859375
Public Rack - Sangamon St & 79th St,41.75031661987305,-87.64762115478516
Public Rack - Sawyer Ave & Bryn Mawr Ave - SE,41.98301696777344,-87.70970153808594
Public Rack - Sawyer Ave & Bryn Mawr Ave - SW,41.97999954223633,-87.71053314208984
Public Rack - Sawyer Ave & Chicago Ave,41.89545822143555,-87.70809173583984
Public Rack - Sawyer Ave & Lawrence Ave,41.970001220703125,-87.70999908447266
Public Rack - Sayer & Northwest Hwy,41.9900016784668,-87.80258178710938
Public Rack - Sayre Ave & 59th St,41.78466796875,-87.79581451416016
"Public Rack - Senka ""Edward Duke"" Park",41.790000915527344,-87.71100616455078
Public Rack - South Shore Dr & 71st St,41.77000045776367,-87.55999755859375
Public Rack - South Shore High School,41.756614685058594,-87.57960510253906
Public Rack - Spaulding Ave & 71st St,41.76438522338867,-87.7063217163086
Public Rack - Spaulding Ave & Bryn Mawr Ave,41.97999954223633,-87.70999908447266
Public Rack - Spaulding Ave & Evergreen Ave,41.90999984741211,-87.70999908447266
Public Rack - Spaulding Ave & Foster Ave,41.97999954223633,-87.70999908447266
Public Rack - Spaulding Ave & North Ave,41.90999984741211,-87.70999908447266
Public Rack - Spencer Elementary Technology Academy,41.8846549987793,-87.75049591064453
Public Rack - Springfield & 71st,41.7599983215332,-87.72024536132812
Public Rack - Springfield & 79th,41.74966049194336,-87.72086334228516
Public Rack - Springfield Ave & 63rd St,41.77864074707031,-87.7193832397461
Public Rack - Springfield Ave & Lawrence Ave,41.96839904785156,-87.7256851196289
Public Rack - St Louis & 83rd,41.7400016784668,-87.70999908447266
Public Rack - St Louis & Columbus,41.745262145996094,-87.70919036865234
Public Rack - St Louis & Lincoln,41.99565124511719,-87.7163314819336
Public Rack - St Louis Ave & Berteau Ave,41.959999084472656,-87.72000122070312
Public Rack - St Louis Ave & Flournoy St,41.872779846191406,-87.7131576538086
Public Rack - State ST & 42nd St,41.81999969482422,-87.62999725341797
Public Rack - State St & 47th st,41.80902099609375,-87.6277847290039
Public Rack - Stewart Ave & 123rd St,41.66999816894531,-87.62999725341797
Public Rack - Stony Is Ave & 73rd St,41.762264251708984,-87.5854721069336
Public Rack - Stony Island & 87th St,41.7400016784668,-87.58999633789062
Public Rack - Stony Island & 95th St,41.7222785949707,-87.58494567871094
Public Rack - Stony Island Ave & 86th St,41.73847198486328,-87.58585357666016
Public Rack - Strohacker Park,41.79478454589844,-87.7319107055664
Public Rack - Talman Ave & 51st St,41.800907135009766,-87.69080352783203
Public Rack - Talman Ave & Pershing Rd,41.81999969482422,-87.69000244140625
Public Rack - The Montessori School of Englewood,41.76765823364258,-87.66780853271484
Public Rack - Throop St & 109th Pl,41.689998626708984,-87.6500015258789
Public Rack - Throop St & 48t ST,41.80690383911133,-87.65777587890625
Public Rack - Throop St & 58th St,41.78862380981445,-87.6562728881836
Public Rack - Torrence Ave  & 106th St,41.70256423950195,-87.55998992919922
Public Rack - Torrence Ave & 103rd St,41.708431243896484,-87.56025695800781
Public Rack - Torrence Ave & 98th St,41.71706008911133,-87.55998229980469
Public Rack - Touhy Ave & Oconto Ave,42.01177215576172,-87.80766296386719
Public Rack - Tripp Ave & North Ave,41.90999984741211,-87.7300033569336
Public Rack - Troy & 111th St,41.69137191772461,-87.70035552978516
Public Rack - Troy & 71st,41.7599983215332,-87.69999694824219
Public Rack - Tuley (Murray) Park,41.73000717163086,-87.61170959472656
Public Rack - Union Ave & 111th St,41.689998626708984,-87.63999938964844
Public Rack - Vincennes Ave & 77th St,41.75702667236328,-87.56497192382812
Public Rack - Vincennes Ave & 87th St,41.73567199707031,-87.64544677734375
Public Rack - Vincennes Ave & 95th Pl,41.720436096191406,-87.65109252929688
Public Rack - Vincennes Ave & 95th St,41.720001220703125,-87.6500015258789
Public Rack - Vincennes Ave & 99th St,41.71293640136719,-87.65398406982422
Public Rack - W. Talcott & N. Oriole,41.99064254760742,-87.81694793701172
Public Rack - Wabash Ave & 87th St,41.7400016784668,-87.62000274658203
Public Rack - Walden Pkwy & 103rd St,41.709999084472656,-87.66999816894531
Public Rack - Walden Pkwy & 99th St,41.709999084472656,-87.66999816894531
Public Rack - Wallace St & 112 St,41.69009017944336,-87.63763427734375
Public Rack - Wallace St & 119th St,41.68000030517578,-87.63999938964844
Public Rack - Washington Park Ct & 51st St,41.80219268798828,-87.61514282226562
Public Rack - Washtenaw Ave & 63rd St,41.779239654541016,-87.69142150878906
Public Rack - Washtenaw Ave & Devon Ave,42.0,-87.69999694824219
Public Rack - Washtenaw Ave & Superior St,41.894737243652344,-87.69520568847656
Public Rack - Wentworth Ave & 103rd St,41.70725631713867,-87.62782287597656
Public Rack - Wentworth Ave & 79th St,41.75,-87.63035583496094
Public Rack - Wentworth Park,41.788780212402344,-87.7796401977539
Public Rack - Western & 79th,41.75048828125,-87.6827163696289
Public Rack - Western & 83rd,41.7400016784668,-87.68000030517578
Public Rack - Western Ave & 100th St,41.711666107177734,-87.68196105957031
Public Rack - Western Ave & 104th St - East,41.70000076293945,-87.68000030517578
Public Rack - Western Ave & 104th St - West,41.70000076293945,-87.68000030517578
Public Rack - Western Ave & 105th St,41.70261001586914,-87.6814956665039
Public Rack - Western Ave & 106th St - East,41.70057678222656,-87.6812973022461
Public Rack - Western Ave & 106th St - West,41.70000076293945,-87.68182373046875
Public Rack - Western Ave & 107th Pl,41.70000076293945,-87.68000030517578
Public Rack - Western Ave & 107th St,41.698726654052734,-87.68155670166016
Public Rack - Western Ave & 110th St,41.689998626708984,-87.68000030517578
Public Rack - Western Ave & 111th St - NW,41.691673278808594,-87.681884765625
Public Rack - Western Ave & 111th St - SE,41.69166564941406,-87.68102264404297
Public Rack - Western Ave & 111th St - SW,41.69160842895508,-87.6817398071289
Public Rack - Western Ave & 116th St,41.68239974975586,-87.68104553222656
Public Rack - Western Ave & 118th St,41.68000030517578,-87.68000030517578
Public Rack - Western Ave & 47th Pl,41.80803680419922,-87.68470764160156
Public Rack - Western Ave & 62nd St,41.78096389770508,-87.68375396728516
Public Rack - Western Ave & 79th St,41.75,-87.68000030517578
Public Rack - Western Ave & 92nd Pl,41.72553634643555,-87.68196868896484
Public Rack - Western Ave & 96th St,41.720001220703125,-87.68000030517578
Public Rack - Western Ave & 98th St,41.720001220703125,-87.68000030517578
Public Rack - Western Ave & Devon Ave,41.99757766723633,-87.68971252441406
Public Rack - Western Ave & Jarvis Ave,42.02000045776367,-87.69000244140625
Public Rack - Western Blvd & 49th St,41.79999923706055,-87.68000030517578
Public Rack - Western Blvd & 52nd St,41.798973083496094,-87.6819076538086
Public Rack - Western Blvd & 53rd St,41.796749114990234,-87.68348693847656
Public Rack - Whipple St & 26th St,41.84000015258789,-87.69999694824219
Public Rack - Whipple St & 63rd St,41.77888107299805,-87.69981384277344
Public Rack - Wilbur Wright College North,41.95900344848633,-87.78970336914062
Public Rack - Wilbur Wright College South,41.95827865600586,-87.7874526977539
Public Rack - William J Onahan Public School,41.9900016784668,-87.79000091552734
Public Rack - William Rainey Harper High School,41.7752685546875,-87.66915893554688
Public Rack - Winchester Ave & 87th St,41.7400016784668,-87.66999816894531
Public Rack - Winona St & Elston Ave,41.974342346191406,-87.7503890991211
Public Rack - Wolcott Ave & 56th St,41.79119873046875,-87.67198181152344
Public Rack - Wolcott Ave & 61st St,41.782379150390625,-87.67172241210938
Public Rack - Wood St & 103rd St,41.709999084472656,-87.66999816894531
Public Rack - Wood St & 47th St,41.810001373291016,-87.66999816894531
Public Rack - Woodlawn Ave & 63rd St - NE,41.779998779296875,-87.5999984741211
Public Rack - Woodlawn Ave & 63rd St - SE,41.779998779296875,-87.5999984741211
Public Rack - Woodlawn Ave & 63rd St N,41.78062057495117,-87.59603118896484
Public Rack - Woodlawn Ave & 63rd St S,41.779483795166016,-87.59603118896484
Public Rack - Yale Ave & 119th St,41.67779541015625,-87.62999725341797
Public Rack - Yates Ave & 100th St,41.709999084472656,-87.56450653076172
Public Rack - Yates Blvd & Exchange Ave,41.76490783691406,-87.56576538085938
Public Rack - Zapata Academy,41.84000015258789,-87.7300033569336
Pulaski & 52nd,41.79999923706055,-87.72000122070312
Pulaski & Ann Lurie Pl,41.81999969482422,-87.72000122070312
Pulaski Rd & 21st St,41.849998474121094,-87.72000122070312
Pulaski Rd & 40th St,41.81999969482422,-87.72000122070312
Pulaski Rd & 41st,41.81999969482422,-87.72000122070312
Pulaski Rd & 44th St,41.810001373291016,-87.72000122070312
Pulaski Rd & 51st Rd,41.79999923706055,-87.72000122070312
Pulaski Rd & 51st St,41.79999923706055,-87.72000122070312
Pulaski Rd & 54th St,41.79499053955078,-87.7236099243164
Pulaski Rd & 60th Pl,41.78314971923828,-87.72257232666016
Pulaski Rd & 60th St,41.779998779296875,-87.72000122070312
Pulaski Rd & 68th St,41.76948928833008,-87.7229232788086
Pulaski Rd & 84th St,41.74040603637695,-87.72190856933594
Pulaski Rd & Ann Lurie Pl,41.81644058227539,-87.72480010986328
Pulaski Rd & Armitage Ave,41.91999816894531,-87.7300033569336
Pulaski Rd & Congress Pkwy,41.874324798583984,-87.72570037841797
Pulaski Rd & Eddy St,41.94626235961914,-87.73102569580078
Pulaski Rd & Eddy St (Temp),41.94626235961914,-87.73102569580078
Pulaski Rd & Fullerton Ave,41.91999816894531,-87.7300033569336
Pulaski Rd & Lake St,41.88541030883789,-87.72649383544922
Pullman - Ross Dress for Less,41.70000076293945,-87.5999984741211
Pullman - Walmart,41.70000076293945,-87.5999984741211
Pullman Community Center,41.70000076293945,-87.58999633789062
Racine Ave & 109th Pl,41.689998626708984,-87.6500015258789
Racine Ave & 115th St,41.68476104736328,-87.65196228027344
Racine Ave & 13th St,41.865055084228516,-87.6569595336914
Racine Ave & 15th St,41.86126708984375,-87.65662384033203
Racine Ave & 18th St,41.8581657409668,-87.656494140625
Racine Ave & 35th St,41.8306884765625,-87.65621185302734
Racine Ave & 57th St,41.789695739746094,-87.65470123291016
Racine Ave & 61st St,41.78318786621094,-87.65437316894531
Racine Ave & 65th St,41.775394439697266,-87.65430450439453
Racine Ave & 74th St,41.7599983215332,-87.6500015258789
Racine Ave & 76th,41.7599983215332,-87.6500015258789
Racine Ave & Belmont Ave,41.93974304199219,-87.65886688232422
Racine Ave & Congress Pkwy,41.87464141845703,-87.65702819824219
Racine Ave & Fullerton Ave,41.92556381225586,-87.65840148925781
Racine Ave & Fullerton Ave (Temp),41.925193786621094,-87.65725708007812
Racine Ave & Garfield Blvd,41.794227600097656,-87.65507507324219
Racine Ave & Randolph St,41.88406753540039,-87.65685272216797
Racine Ave & Washington Blvd,41.88307189941406,-87.65695190429688
Racine Ave & Washington Blvd (*),41.88309860229492,-87.65699768066406
Racine Ave & Wrightwood Ave,41.92888641357422,-87.65897369384766
Rainbow - Beach,41.757869720458984,-87.54938507080078
Rainbow Beach,41.757869720458984,-87.54938507080078
Ravenswood Ave & Berteau Ave,41.95792007446289,-87.67356872558594
Ravenswood Ave & Irving Park Rd,41.954689025878906,-87.6739273071289
Ravenswood Ave & Lawrence Ave,41.96908950805664,-87.67424011230469
Rhodes Ave & 32nd St,41.83620834350586,-87.61353302001953
Rhodes Ave & 71st St,41.76599884033203,-87.61172485351562
Rhodes Ave & 79th St,41.75,-87.61000061035156
Richmond St & 59th St,41.790000915527344,-87.69999694824219
Richmond St & Diversey Ave,41.93190383911133,-87.7011947631836
Richmond St & Lincoln Ave,41.98811721801758,-87.70317840576172
Ridge Blvd & Howard St,42.0192756652832,-87.68451690673828
Ridge Blvd & Touhy Ave,42.01213073730469,-87.68291473388672
Ritchie Ct & Banks St,41.906864166259766,-87.626220703125
Robert Fulton Elementary School,41.79999923706055,-87.66999816894531
Rockwell & 111th St,41.689998626708984,-87.69000244140625
Rockwell Ave & Touhy Ave ,42.0099983215332,-87.69999694824219
Rockwell St & 47th St,41.808528900146484,-87.68942260742188
Rockwell St & 57th St,41.790000915527344,-87.69000244140625
Rockwell St & 63rd St,41.779998779296875,-87.69000244140625
Rockwell St & Archer Ave,41.81999969482422,-87.69000244140625
Rockwell St & Archer Ave\t,41.82271957397461,-87.6898193359375
Rockwell St & Cermak Rd,41.849998474121094,-87.69000244140625
Rockwell St & Eastwood Ave,41.96590042114258,-87.69364166259766
Rockwell St & Fletcher St,41.939998626708984,-87.69000244140625
Roscoe & Harlem,41.939998626708984,-87.80999755859375
Rush St & Cedar St,41.90230941772461,-87.62769317626953
Rush St & Hubbard St,41.890174865722656,-87.62618255615234
Rush St & Superior St,41.8957633972168,-87.62590789794922
Rutherford Ave & Belmont Ave,41.939998626708984,-87.79000091552734
S Aberdeen St & W 106th St,41.70000076293945,-87.6500015258789
S Michigan Ave & E 118th St,41.68000030517578,-87.62000274658203
S Wentworth Ave & W 111th St,41.689998626708984,-87.62999725341797
Sacramento Ave & 25th St,41.849998474121094,-87.69999694824219
Sacramento Ave & 51st St,41.80067825317383,-87.6989517211914
Sacramento Ave & Devon Ave,42.0,-87.69999694824219
Sacramento Ave & Greenleaf Ave,42.0099983215332,-87.69999694824219
Sacramento Ave & Lunt Ave,42.008201599121094,-87.7046127319336
Sacramento Ave & Pershing Rd,41.81999969482422,-87.69999694824219
Sacramento Ave & Pratt Blvd,42.0040397644043,-87.70472717285156
Sacramento Blvd & Addison St,41.95000076293945,-87.69999694824219
Sacramento Blvd & Franklin Blvd,41.89046859741211,-87.70260620117188
Sacramento Blvd & Fulton Ave,41.88652801513672,-87.70166778564453
Sacramento Blvd & Polk St,41.869998931884766,-87.69999694824219
Sacramento Blvd & Washington Blvd,41.880001068115234,-87.69999694824219
Sangamon St & 79th St,41.75,-87.6500015258789
Sangamon St & Lake St,41.885780334472656,-87.6510238647461
Sangamon St & Washington Blvd,41.88316345214844,-87.6511001586914
Sawyer Ave & 111th St,41.689998626708984,-87.69999694824219
Sawyer Ave & Bryn Mawr Ave - SE,41.97999954223633,-87.70999908447266
Sawyer Ave & Irving Park Rd,41.95358657836914,-87.70931243896484
Sawyer Ave & Lawrence Ave,41.970001220703125,-87.70999908447266
Sayre & Diversey,41.93000030517578,-87.80000305175781
Sayre Ave & Diversey Ave,41.93098068237305,-87.80106353759766
Scottsdale Park,41.741966247558594,-87.73617553710938
Sedgwick St & Huron St,41.8946647644043,-87.63843536376953
Sedgwick St & North Ave,41.91138458251953,-87.63867950439453
Sedgwick St & Schiller St,41.90762710571289,-87.63856506347656
Sedgwick St & Webster Ave,41.92216873168945,-87.63888549804688
Seeley Ave & Garfield Blvd,41.79408645629883,-87.67547607421875
Seeley Ave & Roscoe St,41.94340133666992,-87.67961883544922
Shabbona Park,41.944801330566406,-87.79931640625
Shedd Aquarium,41.867225646972656,-87.6153564453125
Sheffield Ave & Fullerton Ave,41.925601959228516,-87.6537094116211
Sheffield Ave & Kingsbury St,41.9105224609375,-87.65310668945312
Sheffield Ave & Waveland Ave,41.949398040771484,-87.65452575683594
Sheffield Ave & Webster Ave,41.921539306640625,-87.65381622314453
Sheffield Ave & Wellington Ave,41.93625259399414,-87.65266418457031
Sheffield Ave & Willow St,41.91368865966797,-87.6528549194336
Sheffield Ave & Wrightwood Ave,41.9287109375,-87.6538314819336
Sheridan Rd & Argyle St,41.97328567504883,-87.6547622680664
Sheridan Rd & Buena Ave,41.958492279052734,-87.65496826171875
Sheridan Rd & Columbia Ave,42.004581451416016,-87.66140747070312
Sheridan Rd & Greenleaf Ave,42.01058578491211,-87.66241455078125
Sheridan Rd & Irving Park Rd,41.954246520996094,-87.65440368652344
Sheridan Rd & Lawrence Ave,41.96951675415039,-87.65469360351562
Sheridan Rd & Loyola Ave,42.00104522705078,-87.66120147705078
Sheridan Rd & Montrose Ave,41.961669921875,-87.6546401977539
Sheridan Rd & Noyes St (NU),42.0582389831543,-87.67742919921875
Shields Ave & 28th Pl,41.84273147583008,-87.63549041748047
Shields Ave & 31st St,41.838462829589844,-87.63540649414062
Shields Ave & 43rd St,41.81620788574219,-87.63481903076172
Shields Ave & 57th St,41.7907600402832,-87.6344985961914
Shore Dr & 55th St,41.79521179199219,-87.5807113647461
Smith Park,41.89204788208008,-87.68939971923828
Smith Park (*),41.891998291015625,-87.68939971923828
South Chicago Ave & 83rd St,41.743919372558594,-87.57522583007812
South Chicago Ave & Elliot Ave,41.74736404418945,-87.58004760742188
South Shore Dr & 67th St,41.773643493652344,-87.56751251220703
South Shore Dr & 71st St,41.76641082763672,-87.56568908691406
South Shore Dr & 74th St,41.76218795776367,-87.55927276611328
Southport Ave & Belmont Ave,41.939476013183594,-87.66374969482422
Southport Ave & Clark St,41.95708084106445,-87.66419982910156
Southport Ave & Clybourn Ave,41.920772552490234,-87.66371154785156
Southport Ave & Irving Park Rd,41.95417785644531,-87.66436004638672
Southport Ave & Roscoe St,41.94374084472656,-87.66401672363281
Southport Ave & Waveland Ave,41.948150634765625,-87.6639404296875
Southport Ave & Wellington Ave,41.935733795166016,-87.66357421875
Southport Ave & Wrightwood Ave,41.92877197265625,-87.66390991210938
Spaulding Ave & 16th,41.85887908935547,-87.70793151855469
Spaulding Ave & 16th St,41.86000061035156,-87.70999908447266
Spaulding Ave & 63rd,41.77916717529297,-87.70564270019531
Spaulding Ave & 63rd St,41.779998779296875,-87.70999908447266
Spaulding Ave & Armitage Ave,41.91710662841797,-87.71022033691406
Spaulding Ave & Bryn Mawr Ave,41.97999954223633,-87.70999908447266
Spaulding Ave & Division St,41.902706146240234,-87.70922088623047
Spaulding Ave & Evergreen Ave,41.90999984741211,-87.70999908447266
Spaulding Ave & Foster Ave,41.97999954223633,-87.70999908447266
Spaulding Ave & North Ave,41.90999984741211,-87.70999908447266
Springfield Ave & 47th St,41.810001373291016,-87.72000122070312
Springfield Ave & 63rd St,41.779998779296875,-87.72000122070312
Springfield Ave & 71st St,41.76448440551758,-87.72003173828125
Springfield Ave & 80th St,41.74763107299805,-87.71945190429688
Springfield Ave & North Ave,41.91015625,-87.72383117675781
St Louis Ave & 51st St,41.80094909667969,-87.7110366821289
St Louis Ave & 59th St,41.790000915527344,-87.70999908447266
St Louis Ave & Berteau Ave,41.959999084472656,-87.72000122070312
St Louis Ave & Foster Ave,41.975982666015625,-87.71598815917969
St Louis Ave & Norman Bobbins Ave,41.790000915527344,-87.70999908447266
St Louis Ave & Norman Bobbins Pl,41.79439163208008,-87.71131896972656
St. Clair St & Erie St,41.894344329833984,-87.62279510498047
St. Louis & 71st St,41.76435470581055,-87.71012115478516
St. Louis Ave & Balmoral Ave,41.98039245605469,-87.71611785888672
St. Louis Ave & Fullerton Ave,41.9248161315918,-87.71449279785156
State St & 111th St,41.692508697509766,-87.62287139892578
State St & 123rd St,41.6706428527832,-87.62258911132812
State St & 19th St,41.85659408569336,-87.6275405883789
State St & 29th St,41.841705322265625,-87.62693786621094
State St & 33rd St,41.83473587036133,-87.62581634521484
State St & 35th St,41.83103561401367,-87.62680053710938
State St & 45th St,41.81312942504883,-87.62584686279297
State St & 47th st,41.810001373291016,-87.62999725341797
State St & 54th St,41.7966423034668,-87.62592315673828
State St & 76th St,41.7569694519043,-87.62461853027344
State St & 79th St,41.75079345703125,-87.62442779541016
State St & 95th St,41.72185134887695,-87.62285614013672
State St & Chicago Ave,41.8966178894043,-87.62857818603516
State St & Harrison St,41.874053955078125,-87.62771606445312
State St & Kinzie St,41.88918685913086,-87.62775421142578
State St & Pearson St,41.8974494934082,-87.62872314453125
State St & Pershing Rd,41.82301712036133,-87.62657165527344
State St & Randolph St,41.884620666503906,-87.6278305053711
State St & Van Buren St,41.87718200683594,-87.62784576416016
Stave St & Armitage Ave,41.91773986816406,-87.69139099121094
Steelworkers Park,41.73793029785156,-87.5309066772461
Stetson Ave & South Water St,41.88683319091797,-87.62232208251953
Stewart Ave & 123rd St,41.67060089111328,-87.63243865966797
Stewart Ave & 63rd St,41.77983474731445,-87.63477325439453
Stewart Ave & 63rd St (*),41.77980041503906,-87.63480377197266
Stewart Ave & 83rd St,41.743717193603516,-87.63408660888672
Stockton Dr & Wrightwood Ave,41.93132019042969,-87.63874053955078
Stony Is Ave & 73rd St,41.7599983215332,-87.58999633789062
Stony Island Ave & 63rd St,41.7805061340332,-87.58685302734375
Stony Island Ave & 64th St,41.77888107299805,-87.5866470336914
Stony Island Ave & 67th St,41.773460388183594,-87.58534240722656
Stony Island Ave & 71st St,41.76649475097656,-87.58646392822266
Stony Island Ave & 75th St,41.758670806884766,-87.58688354492188
Stony Island Ave & 82nd St,41.746559143066406,-87.58600616455078
Stony Island Ave & 86th St,41.7400016784668,-87.58999633789062
Stony Island Ave & 90th St,41.73139572143555,-87.58574676513672
Stony Island Ave & South Chicago Ave,41.75117111206055,-87.58533477783203
Streeter Dr & Grand Ave,41.892276763916016,-87.61204528808594
Streeter Dr/Grand Ave,41.89240264892578,-87.61238861083984
Strohacker Park,41.790000915527344,-87.7300033569336
Summit Ave & 86th St,41.737850189208984,-87.6448974609375
Talman Ave & 51st St - midblock,41.79999923706055,-87.69000244140625
Talman Ave & Addison St,41.94663619995117,-87.69461822509766
Theater on the Lake,41.92627716064453,-87.6308364868164
Throop (Loomis) St & Taylor St,41.86896896362305,-87.65914154052734
Throop St & 52nd St,41.799659729003906,-87.65719604492188
Throop St & 58th St,41.790000915527344,-87.66000366210938
Throop St & 99th St,41.714141845703125,-87.65470123291016
Throop St & Taylor St,41.86896896362305,-87.65914154052734
Torrence Ave  & 106th St,41.70000076293945,-87.55999755859375
Torrence Ave & 106th St,41.70280075073242,-87.55972290039062
Torrence Ave & 126th Pl,41.66631317138672,-87.55721282958984
Tripp Ave & 15th St,41.86000061035156,-87.7300033569336
Tripp Ave & 31st St,41.84000015258789,-87.7300033569336
Tripp Ave & 65th St,41.77000045776367,-87.7300033569336
Troy & 111th St,41.689998626708984,-87.69999694824219
Troy Ave & 27th St,41.84000015258789,-87.69999694824219
Troy St & Elston Ave,41.94524383544922,-87.70664978027344
Troy St & Grace St,41.95000076293945,-87.70999908447266
Troy St & Jackson Blvd,41.880001068115234,-87.69999694824219
Troy St & North Ave,41.90977096557617,-87.70528411865234
Trumbull Ave & 111th St,41.689998626708984,-87.70999908447266
Tuley (Murray) Park,41.72999954223633,-87.61000061035156
Union Ave & Root St,41.8191032409668,-87.64328002929688
University Ave & 57th St,41.79147720336914,-87.59986114501953
University Ave & 59th St,41.78787612915039,-87.59890747070312
University Ave & 65th St,41.776939392089844,-87.59841918945312
University Library (NU),42.052940368652344,-87.67344665527344
Valli Produce - Evanston Plaza,42.03974151611328,-87.69940948486328
Vernon Ave & 107th St,41.70012283325195,-87.61225891113281
Vernon Ave & 75th St,41.75836181640625,-87.6141357421875
Vernon Ave & 79th St,41.750938415527344,-87.6137924194336
Vincennes Ave & 104th St,41.704925537109375,-87.65686798095703
Vincennes Ave & 107th St,41.69921875,-87.65869140625
Vincennes Ave & 75th St,41.75796890258789,-87.63121032714844
Vincennes Ave & 79th St,41.7505989074707,-87.63408660888672
Vincennes Ave & 95th Pl,41.720001220703125,-87.6500015258789
Vincennes Ave & 95th St,41.72126007080078,-87.6500473022461
Virginia Ave & Catalpa Ave,41.97999954223633,-87.69999694824219
W 103rd St & S Avers Ave,41.709999084472656,-87.72000122070312
W Armitage Ave & N Sheffield Ave,41.91999816894531,-87.6500015258789
W Oakdale Ave & N Broadway,41.939998626708984,-87.63999938964844
W Washington Blvd & N Peoria St,41.880001068115234,-87.6500015258789
WATSON TESTING - DIVVY,41.894752502441406,-87.7309341430664
WEST CHI-WATSON,41.79438400268555,-87.76981353759766
Wabash Ave & 16th St,41.86038589477539,-87.62581634521484
Wabash Ave & 49th St,41.805809020996094,-87.62449645996094
Wabash Ave & 59th St,41.78715133666992,-87.62394714355469
Wabash Ave & 83rd St,41.743316650390625,-87.62284851074219
Wabash Ave & 87th St,41.73664474487305,-87.62263488769531
Wabash Ave & 9th St,41.87076950073242,-87.625732421875
Wabash Ave & Adams St,41.87947082519531,-87.62568664550781
Wabash Ave & Cermak Rd,41.85261917114258,-87.6264877319336
Wabash Ave & Grand Ave,41.89146423339844,-87.62676239013672
Wabash Ave & Roosevelt Rd,41.867225646972656,-87.62596130371094
Wabash Ave & Wacker Pl,41.88687515258789,-87.62602996826172
Wacker Dr & Washington St,41.88314437866211,-87.63724517822266
Walden Pkwy & 100th St,41.71216583251953,-87.66773223876953
Walden Pkwy & 103rd St,41.709999084472656,-87.66999816894531
Walden Pkwy & 99th St,41.709999084472656,-87.66999816894531
Wallace St & 112 St,41.689998626708984,-87.63999938964844
Wallace St & 35th St,41.83070755004883,-87.6412582397461
Wallace St & Pershing Rd,41.82339096069336,-87.64118194580078
Waller Ave & Chicago Ave,41.88999938964844,-87.7699966430664
Walsh Park,41.91461181640625,-87.66796875
Warren Park East,42.00455093383789,-87.6806640625
Warren Park West,42.00178527832031,-87.68882751464844
Washtenaw Ave & 63rd St,41.779998779296875,-87.69000244140625
Washtenaw Ave & Lawrence Ave,41.96898651123047,-87.69602966308594
Washtenaw Ave & Madison St,41.880001068115234,-87.69000244140625
Washtenaw Ave & Ogden Ave,41.86193084716797,-87.69345092773438
Washtenaw Ave & Peterson Ave,41.9900016784668,-87.69999694824219
Washtenaw Ave & Polk St,41.869998931884766,-87.69000244140625
Washtenaw Ave & Superior St,41.88999938964844,-87.69999694824219
Weekend Night Parking Area A,41.9462890625,-87.65567779541016
Weekend Night Parking Area B,41.944908142089844,-87.65476989746094
Weekend Night Parking Area C,41.94478988647461,-87.64948272705078
Weekend Night Parking Area D,41.94293975830078,-87.64942932128906
Wellington Ave & Mulligan Ave,41.934730529785156,-87.78436279296875
Wells St & 19th St,41.85680389404297,-87.63388061523438
Wells St & Concord Ln,41.912132263183594,-87.63465881347656
Wells St & Elm St,41.903221130371094,-87.63432312011719
Wells St & Evergreen Ave,41.90672302246094,-87.63482666015625
Wells St & Hubbard St,41.88990783691406,-87.63426971435547
Wells St & Huron St,41.89472198486328,-87.63436126708984
Wells St & Institute Pl,41.89738082885742,-87.6344223022461
Wells St & Polk St,41.87273025512695,-87.63351440429688
Wells St & Randolph St,41.88429641723633,-87.63396453857422
Wells St & Walton St,41.89992904663086,-87.63442993164062
Wentworth Ave & 103rd St,41.709999084472656,-87.62999725341797
Wentworth Ave & 104th St,41.70530700683594,-87.62921905517578
Wentworth Ave & 107th St,41.69989013671875,-87.62785339355469
Wentworth Ave & 24th St,41.85008239746094,-87.63214111328125
Wentworth Ave & 24th St (Temp),41.85008239746094,-87.63214111328125
Wentworth Ave & 33rd St,41.834529876708984,-87.63182067871094
Wentworth Ave & 35th St,41.83077621459961,-87.63250732421875
Wentworth Ave & 63rd St,41.78007888793945,-87.62974548339844
Wentworth Ave & 92nd St,41.72713851928711,-87.62886047363281
Wentworth Ave & Cermak Rd,41.853084564208984,-87.63192749023438
Wentworth Ave & Cermak Rd (Temp),41.85300064086914,-87.63059997558594
Wentworth Ave & Cermak Rd*,41.853214263916016,-87.63187408447266
WestChi,41.836700439453125,-87.78524780273438
Western & 28th - Velasquez Institute Vaccination Site,41.84151840209961,-87.68513488769531
Western Ave & 100th St,41.709999084472656,-87.68000030517578
Western Ave & 101st St,41.71010971069336,-87.68197631835938
Western Ave & 104th St,41.704586029052734,-87.68120574951172
Western Ave & 104th St - East,41.70000076293945,-87.68000030517578
Western Ave & 105th St,41.70000076293945,-87.68000030517578
Western Ave & 106th St - East,41.70000076293945,-87.68000030517578
Western Ave & 106th St - West,41.70000076293945,-87.68000030517578
Western Ave & 111th St,41.69121170043945,-87.6812973022461
Western Ave & 111th St - NW,41.689998626708984,-87.68000030517578
Western Ave & 111th St - SE,41.689998626708984,-87.68000030517578
Western Ave & 111th St - SW,41.689998626708984,-87.68000030517578
Western Ave & 116th St,41.68000030517578,-87.68000030517578
Western Ave & 118th St,41.68000030517578,-87.68000030517578
Western Ave & 21st St,41.85411071777344,-87.68583679199219
Western Ave & 24th St,41.84846878051758,-87.68511199951172
Western Ave & 28th St,41.84151840209961,-87.68512725830078
Western Ave & 43rd St,41.815738677978516,-87.68489074707031
Western Ave & 62nd St,41.779998779296875,-87.68000030517578
Western Ave & 79th St,41.7508430480957,-87.68270111083984
Western Ave & 81st St,41.746421813964844,-87.68257904052734
Western Ave & 92nd Pl,41.72999954223633,-87.68000030517578
Western Ave & Ardmore Ave,41.9900016784668,-87.69000244140625
Western Ave & Berteau Ave,41.959999084472656,-87.69000244140625
Western Ave & Congress Pkwy,41.87474822998047,-87.68644714355469
Western Ave & Division St,41.90289306640625,-87.6872787475586
Western Ave & Fillmore St,41.86856460571289,-87.68623352050781
Western Ave & Fillmore St (*),41.86859893798828,-87.68620300292969
Western Ave & Grace St,41.95000076293945,-87.69000244140625
Western Ave & Granville Ave,41.99415969848633,-87.68943786621094
Western Ave & Gunnison St,41.970001220703125,-87.69000244140625
Western Ave & Howard St,42.01890182495117,-87.69004821777344
Western Ave & Jarvis Ave,42.02000045776367,-87.69000244140625
Western Ave & Lake St,41.88481140136719,-87.68668365478516
Western Ave & Leland Ave,41.966400146484375,-87.68870544433594
Western Ave & Lunt Ave,42.00859451293945,-87.69049072265625
Western Ave & Monroe St,41.87978744506836,-87.68611145019531
Western Ave & Roscoe St,41.94303512573242,-87.68728637695312
Western Ave & Walton St,41.89841842651367,-87.68659973144531
Western Ave & Winnebago Ave,41.91551971435547,-87.68701934814453
Western Blvd & 48th Pl,41.805660247802734,-87.68339538574219
Western Blvd & 49th St,41.79999923706055,-87.68000030517578
Whipple St & Roosevelt Rd,41.869998931884766,-87.69999694824219
Whipple/Irving Park,41.95000076293945,-87.69999694824219
William Rainey Harper High School,41.77000045776367,-87.66999816894531
Wilton Ave & Belmont Ave,41.940181732177734,-87.65303802490234
Wilton Ave & Diversey Pkwy,41.93241882324219,-87.65270233154297
Wilton Ave & Diversey Pkwy - Charging,41.93241882324219,-87.65270233154297
Wilton Ave & Diversey Pkwy*,41.93241882324219,-87.65270233154297
Winchester (Ravenswood) Ave & Balmoral Ave,41.97976303100586,-87.67752838134766
Winchester Ave & 87th St,41.7400016784668,-87.66999816894531
Winchester Ave & Elston Ave,41.92409133911133,-87.67646026611328
Winthrop Ave & Lawrence Ave,41.96881103515625,-87.65766143798828
Wolcott (Ravenswood) Ave & Montrose Ave,41.96140670776367,-87.6761703491211
Wolcott Ave & Fargo Ave,42.01697540283203,-87.67772674560547
Wolcott Ave & Polk St,41.87126159667969,-87.67369079589844
Wood St & 103rd St,41.709999084472656,-87.66999816894531
Wood St & 33rd St,41.83427047729492,-87.67060089111328
Wood St & 35th St,41.83010482788086,-87.67029571533203
Wood St & 47th St,41.810001373291016,-87.66999816894531
Wood St & 84th St,41.74119186401367,-87.66810607910156
Wood St & Augusta Blvd,41.8991813659668,-87.67220306396484
Wood St & Chicago Ave,41.895633697509766,-87.67206573486328
Wood St & Chicago Ave (*),41.895599365234375,-87.6720962524414
Wood St & Hubbard St,41.88990020751953,-87.67147064208984
Wood St & Milwaukee Ave,41.90765380859375,-87.67255401611328
Wood St & Taylor St,41.86915588378906,-87.6710433959961
Wood St & Taylor St (Temp),41.869266510009766,-87.6737289428711
Wood St & Webster Ave,41.92105484008789,-87.67279815673828
Woodlawn & 103rd,41.70733642578125,-87.59403991699219
Woodlawn & 103rd - Olive Harvey Vaccination Site,41.709999084472656,-87.58999633789062
Woodlawn Ave & 55th St,41.795265197753906,-87.59647369384766
Woodlawn Ave & 58th St,41.78937911987305,-87.59648132324219
Woodlawn Ave & 75th St,41.759159088134766,-87.59574890136719
Woodlawn Ave & Lake Park Ave,41.81409454345703,-87.59700775146484
Wrigley Events Parking Area,41.947200775146484,-87.6539535522461
Yale Ave & 119th St,41.68000030517578,-87.62999725341797
Yates Blvd & 75th St,41.758766174316406,-87.56643676757812
Yates Blvd & 93rd St,41.726165771484375,-87.56627655029297
Yates Blvd & Exchange Ave,41.77000045776367,-87.56999969482422
Zapata Academy,41.84000015258789,-87.73999786376953
Ada St & 119th St,41.68000030517578,-87.6500015258789
Baltimore Ave & 132nd St,41.65999984741211,-87.55000305175781
Canty Elementary School,41.95000076293945,-87.83000183105469
Central Ave & Congress Pkwy,41.869998931884766,-87.76000213623047
Champlain Ave & 134th St,41.65999984741211,-87.61000061035156
Christiana Ave & 111th St,41.689998626708984,-87.69999694824219
Corliss Ave & 133rd St,41.650001525878906,-87.5999984741211
Cottage Grove & 84th St,41.7400016784668,-87.5999984741211
Cumberland Ave & Catherine Ave,41.97732162475586,-87.83673858642578
East End Ave & 75th St,41.7599983215332,-87.58000183105469
Halsted St & 123rd St,41.67095947265625,-87.64154052734375
Halsted St & 94th St,41.720001220703125,-87.63999938964844
Harvard Ave & 119th St,41.68000030517578,-87.62999725341797
Harvey Ave & North Ave,41.90999984741211,-87.77999877929688
Honore St & 87th St - SE,41.7400016784668,-87.66999816894531
James Madison School,41.7599983215332,-87.58999633789062
Kedzie & 103rd St - West,41.709999084472656,-87.69999694824219
Kedzie Ave & 38th Pl,41.823509216308594,-87.7041015625
Keeler Ave & 26th St,41.84000015258789,-87.7300033569336
Keeler Ave & Madison St,41.880001068115234,-87.7300033569336
King Dr & 83rd St,41.7400016784668,-87.61000061035156
Laflin St & 115th St,41.68498992919922,-87.659912109375
Laramie Ave & Warwick Ave,41.95000076293945,-87.76000213623047
Linder Ave & Archer Ave,41.79999923706055,-87.76000213623047
Longwood Dr & 95th St,41.720001220703125,-87.66999816894531
Marquette Ave & 83rd St,41.7400016784668,-87.55999755859375
May St & 78th St,41.75,-87.6500015258789
Melvina Ave & Belmont Ave,41.939998626708984,-87.77999877929688
Menard Ave & Adams Blvd,41.880001068115234,-87.7699966430664
N Damen Ave & W Wabansia St,41.90999984741211,-87.68000030517578
Nordica Ave & Addison St,41.95000076293945,-87.80000305175781
Old Hastings Monolith,41.86600112915039,-87.68049621582031
Park Manor Elementary School,41.77000045776367,-87.61000061035156
Parnell Ave & 103rd St,41.709999084472656,-87.63999938964844
Parnell Ave & 119th St,41.68000030517578,-87.63999938964844
Parnell Ave & 98th St,41.720001220703125,-87.63999938964844
Paul Revere Elementary School,41.7599983215332,-87.5999984741211
Public Rack - 63rd St and Natoma Ave,41.7779426574707,-87.7874526977539
Public Rack - 83rd St (Avalon Park) Metra,41.7400016784668,-87.5999984741211
Public Rack - Albany Ave & 111th St - NW,41.69166946411133,-87.6985092163086
Public Rack - Ashburn Metra ,41.7411994934082,-87.71311950683594
Public Rack - Ashland Ave & 45th St  S,41.8111686706543,-87.66474151611328
Public Rack - Ashland Ave & 73rd St,41.76081848144531,-87.66349792480469
Public Rack - Austin Ave & Wellington Ave - midblock,41.939998626708984,-87.77999877929688
Public Rack - Ave L & 105th St,41.70000076293945,-87.54000091552734
Public Rack - Baker Ave & 863rd Pl,41.74334716796875,-87.55058288574219
Public Rack - Burnside Academy,41.72999954223633,-87.61000061035156
Public Rack - California & 82nd,41.74528121948242,-87.69258880615234
Public Rack - Central Ave & Congress Pkwy,41.869998931884766,-87.76000213623047
Public Rack - Christiana Ave & 111th St,41.689998626708984,-87.70999908447266
Public Rack - Devon Ave & Minnehaha Ave (west),41.99738311767578,-87.7630615234375
Public Rack - Eggleston Ave & 114th St,41.686641693115234,-87.633544921875
Public Rack - Ewing Ave & 112th St,41.691978454589844,-87.534912109375
Public Rack - Exchange Ave & 131st St,41.657169342041016,-87.55259704589844
Public Rack - Franklin Park,41.86149215698242,-87.73340606689453
Public Rack - Hamlin & 72nd,41.76256561279297,-87.71751403808594
Public Rack - Harvard Ave & 103rd St,41.70686340332031,-87.63167572021484
Public Rack - Homan Ave & 111th St,41.689998626708984,-87.70999908447266
Public Rack - Honore St & 87th St,41.73609161376953,-87.66940307617188
Public Rack - Honore St & 87th St - SE,41.7354850769043,-87.66889190673828
Public Rack - Lawrence Ave & 103rd St,41.707664489746094,-87.60869598388672
Public Rack - Lowe Ave & 119th St,41.67770767211914,-87.63871002197266
Public Rack - Michigan Ave & 121st St,41.674129486083984,-87.62044525146484
Public Rack - Morgan St & 87th St,41.73577117919922,-87.6500015258789
Public Rack - Northwest Hwy & Overhill Ave,42.01149368286133,-87.81263732910156
Public Rack - Oleander Ave & Addison St,41.944984436035156,-87.81586456298828
Public Rack - Orville T Bright School,41.70016860961914,-87.56214904785156
Public Rack - Parnell Ave & 119th St,41.67710876464844,-87.63567352294922
Public Rack - Pulaski & 84th,41.73938751220703,-87.72137451171875
Public Rack - Pulaski Rd & Lexington St,41.87158203125,-87.72521209716797
Public Rack - Sangamon St & 87th St,41.73582077026367,-87.64689636230469
Public Rack - Vincennes Ave & 91st St,41.72812271118164,-87.64852142333984
Public Rack - Waller Ave & Chicago Ave,41.88999938964844,-87.7699966430664
Public Rack - Western & 74th,41.75929641723633,-87.68334197998047
Pullman - Planet Fitness,41.70000076293945,-87.5999984741211
SCOOTERS - 2132 W Hubbard ST,41.88996887207031,-87.6801528930664
SCOOTERS CLASSIC - 2132 W Hubbard ST,41.88996887207031,-87.6801528930664
The Montessori School of Englewood,41.77000045776367,-87.66999816894531
Throop St & 109th Pl,41.689998626708984,-87.6500015258789
Torrence Ave & 98th St,41.720001220703125,-87.55999755859375
Wentworth Ave & 79th St,41.75,-87.62999725341797
Whipple St & Irving Park Rd,41.95000076293945,-87.69999694824219
Wolcott Ave & 61st St,41.779998779296875,-87.66999816894531
w. Chicago Warehouse,41.89496612548828,-87.73104858398438
Franklin St & Quincy St,41.878724,-87.634793
Clark St & Congress Pkwy,41.8759326655,-87.6305845355
St Clair St & Erie St,41.894448,-87.622663
Streeter Dr & Illinois St,41.891071,-87.6122
Wolcott Ave & Lawrence Ave,41.968641,-87.676335
900 W Harrison,41.874675,-87.650019
Museum Campus,41.865212,-87.617759
Green St & Milwaukee Ave,41.891733,-87.648727
Michigan Ave & Congress Pkwy,41.876065599,-87.6244333636
State St & Erie St,41.893975,-87.628623
Wabash Ave & 8th St,41.871962,-87.626106
Franklin St & Arcade Pl,41.881469,-87.635177
Sheffield Ave & Addison St,41.94688,-87.65445
Wells St & Erie St,41.893832,-87.634195
Wentworth Ave & Archer Ave,41.854564,-87.631937
King Dr & 47th St,41.809851,-87.616279
Ravenswood Ave & Montrose Ave,41.961626,-87.674101
Clifton Ave & Lawrence Ave,41.968873,-87.658857
Hampden Ct & Diversey Pkwy,41.93262,-87.642385
Lincoln Ave & Leavitt St,41.962391,-87.684146
Loomis St & Taylor St,41.869417,-87.660996
Damen Ave & Augusta Blvd,41.899714,-87.677234
State St & 16th St,41.8601213774,-87.6277291853
May St & Randolph St,41.88397,-87.655688
Aberdeen St & Madison St,41.881487,-87.654752
Halsted St & Madison St,41.88175,-87.6478
Halsted St & James M Rochford St,41.865861,-87.646611
Halsted St & Blackhawk St,41.90854,-87.648568
May St & Fulton St,41.886773,-87.656001
Halsted St & Diversey Pkwy,41.933341,-87.648747
Martin Luther King Dr & 29th St,41.842052,-87.617
Wood St & North Ave,41.910329,-87.672516
Lincoln Ave & Eastwood Ave,41.96583,-87.68651
Wood St & Division St,41.90332,-87.67273
Leavitt St & Hirsch St,41.906717,-87.682779
Paulina St & Diversey Pkwy,41.93186,-87.67079
Clark St & Waveland Ave,41.94893,-87.65775
Ashland Ave & 21st St,41.85381,-87.665897
Halsted St & Waveland Ave,41.949375,-87.649626
State St & Wacker Dr,41.887155,-87.62775
Shore Drive & 55th St,41.795212,-87.580715
Wallace Ave & 35th St,41.830629,-87.64129
Martin Luther King Dr & Oakwood Blvd,41.82256,-87.61615
Cityfront Plaza & N Water St,41.889875,-87.621994
Wood St & Grand Ave,41.89113,-87.67203
Michigan Ave & Balbo Ave,41.872293,-87.624091
Union Ave & Grand Ave,41.891,-87.645925
Financial Pl & Congress Pkwy,41.87500913,-87.63310582
MLK Jr Dr & Oakwood Blvd,41.82256,-87.61615
Michigan Ave & 16th St,41.860204,-87.623355
California Ave & Augusta Blvd,41.89935755,-87.69643947
Ashland Ave & Harrison St,41.87429061,-87.66724564
Saginaw Ave & Exchange Ave,41.75874584,-87.56011478
Princeton Ave & 31st St,41.83802029,-87.63400933
Union Ave & 42nd St,41.81763809,-87.64356503
Princeton Ave & China Pl,41.85366109,-87.63513546
Cornell Ave & Hyde Park B lvd,41.802406,-87.586924
California Ave & Roosevelt Rd,41.86662911,-87.69559599
Washtenaw Ave & 15th St,41.86148,-87.693374
Lawndale Ave & 23rd St,41.84988195,-87.71700039
Ravenswood Ave & Balmoral Ave,41.97977022,-87.67581473
Kedzie Ave & Montrose Ave,41.96198976,-87.70816838
Keeler Ave & Irving Park Rd,41.95384975,-87.73237045
Pulaksi Rd & Eddy St,41.94563644,-87.72773681
Albany (Kedzie) Ave & Montrose Ave,41.961041,-87.705866
Canal St & Monroe St (*),41.880884,-87.639525
Chappel Ave & 79th St,41.751802,-87.574845
Clinton St & Polk St (*),41.87146652,-87.64094913
Cuyler Ave & Augusta St,41.898168,-87.783055
Damen Ave & 61st St,41.783681,-87.674101
Damen Ave & Garfield Blvd,41.794587,-87.674254
East Ave & Garfield St,41.871312,-87.788938
East Ave & Madison St,41.880113,-87.789247
Forest Ave & Chicago Ave,41.894071,-87.800367
Forest Ave & Lake St,41.88891,-87.800255
Halsted St & 35th St (*),41.830661,-87.647172
Halsted St & Blackhawk St (*),41.908537,-87.648627
Humboldt Dr & Luis Munoz Marin Dr,41.900146,-87.702882
Humphrey Ave & Ontario St,41.890491,-87.776842
Lombard Ave & Garfield St,41.870699,-87.778797
Lombard Ave & Madison St,41.87981,-87.779425
Loomis St & Taylor St (*),41.869417,-87.660996
Marion St & South Blvd,41.88681,-87.80287
Mason Ave & Madison St,41.87998,-87.773264
MLK Jr Dr & 56th St (*),41.79342946,-87.61585326
Oak Park Ave & Harrison St,41.872987,-87.793945
Oak Park Ave & South Blvd,41.886923,-87.793899
Orleans St & Elm St (*),41.902924,-87.637715
Orleans St & Ohio St,41.892154,-87.636928
Phillips Ave & 82nd St,41.746334,-87.564725
Pulaski Rd & Madison St,41.880827,-87.726279
Ravenswood Ave & Montrose Ave (*),41.961615,-87.674365
Ridgeland Ave & Lake St,41.888085,-87.785236
Sangamon St & Washington Blvd (*),41.883004,-87.651148
Washtenaw Ave & 15th St (*),41.86148,-87.693374
Wisconsin Ave & Madison St,41.879837,-87.80224
Aberdeen St & Madison (Monroe) St,41.881567,-87.655056
Oakley Ave & Roscoe St,41.942916,-87.685801
Racine Ave (May St) & Fulton St,41.886926,-87.656919
LaSalle (Wells) St & Huron St,41.894882,-87.632326
Washtenaw Ave & Ogden Ave (*),41.861894,-87.693511
Eberhart (Vernon) Ave & 79th St,41.751345,-87.612568
Wisconsin Ave & Madison St (Temp),41.879902,-87.803911
Dearborn St & Van Buren St (*),41.876268,-87.629155
